,Vantage,HasCreditCard,NumberCreditCard,HasActiveCreditCard,NumberActiveCreditCard,TotalAmountPastDueTradelines,hasInstallTrade,NumberInstallmentTrades,hasActiveInstallTrade,NumberActiveInstallmentTrades,hasLineofCredit,NumberLineofCredit,hasActiveLineofCredit,NumberActiveLineofCredit,hasHELOC,NumberHELOC,hasActiveHELOC,NumberActiveHELOC,hasMortgage,NumberMortgage,hasActiveMortgage,NumberActiveMortgage,hasUnsecuredInstallment,NumberUnsecuredInstallment,hasActiveUnsecuredInstallment,NumberActiveUnsecuredInstallment,hasSecuredInstallment,NumberSecuredInstallment,hasActiveSecuredInstallment,NumberActiveSecuredInstallment,hasStudentLoan,NumberStudentLoan,hasActiveStudentLoan,NumberActiveStudentLoan,hasAutoLoan,NumberAutoLoan,hasActiveAutoLoan,NumberActiveAutoLoan,TotalAmountCurrentBalance,TotalCreditLimit,MaxUnsecuredInstallmentInterestRate,MinUnsecuredInstallmentInterestRate,MaxActiveUnsecuredInstallmentInterestRate,MinActiveUnsecuredInstallmentInterestRate,NumberTradelines,hasActiveChargeAccount,NumberActiveCharge,NumberActiveTradelines,TotalAmountBalanceOnCreditLines,ActiveCreditLimit,MinUtilization,MaxUtilization,AvgUtilization,MinCreditCardUtil,MaxCreditCardUtil,AverageCreditCardUtil,MinChargeCardUtil,MaxChargeCardUtil,AverageChargeCardUtil,MinLineOfCreditUtil,MaxLineOfCreditUtil,AverageLineOfCreditUtil,MinHELOCUtil,MaxHELOCUtil,AverageHELOCUtil,MinBankRevolvingUtil,MaxBankRevolvingUtil,AverageBankRevolvingUtil,MinFinanceRevolveUtil,MaxFinanceRevolveUtil,AverageFinanceRevolveUtil,MinCreditUnionUtil,MaxCreditUnionUtil,AverageCreditUnionUtil,MinRetailUtil,MaxRetailUtil,AverageRetailUtil,MinRevolveUtil,MaxRevolveUtil,AverageRevolveUtil,NumberTradeWithUtilAbove75,LatestActiveUnsecuredInstallmentInterestRate,WeightedAvgUtilization,AvgUnsecuredInstallmentInterestRate,AvgActiveUnsecuredInstallmentInterestRate,MonthsSinceMostRecentDq,MonthsSinceMostRecentAutoDq,MonthsSinceMostRecentInstallmentDq,MonthsSinceMostRecentRevolvingDq,MonthsSinceMostMortgageDq,MonthsSinceMostRecentCreditCardDq,MonthsSinceMostRecentStudentLoanDq,NumberofDqPast12M,NumberofMortgageDqPast12M,NumberofTradeswDq30DPDPast24M,NumberofTradesSinceMostRecentDqPast24M,NumberofTradeswDq90DPDPast24M,TotalBalanceAmountofDqTrades,MaxDelinquencyAmount,MonthsSinceMaxDelinquencyAmount,NumberofDqTrades,PercentageAccountEverDelinquent,NumberofCollections,NumberCollectionsPast6M,NumberCollectionsPast12M,NumberCollectionsPast1to5year,NumberCollectionsAmountGreater100,NumberNMCollections,NumberNMCollectionsPast6M,NumberNMCollectionsPast12M,NumberNMCollectionsPast1to5year,NumberNMCollectionsBalanceGreater100,TotalCollectionsAmountBalanceVerified12M,HighestCollectionsAmountVerified12M,TotalNMCollectionsAmountVerified12M,HighestNMCollectionsAmountVerified12M,HighestCollectionsAmount,HighestNMCollectionsAmount,TotalCollectionsAmount,TotalNMCollectionsAmount,MonthsSinceMostRecentCollection,MonthsSinceMostRecentNMCollection,MonthsSinceMostRecentInquiry,DaysSinceMostRecentInquiryPast1M,NumberofInqs,NumberofInqsPast1M,NumberofInqsPast3M,NumberofInqsPast6M,NumberofInqsPast12M,NumberofBankInqs,NumberofBankInqsPast1M,NumberofBankInqsPast3M,NumberofBankInqsPast6M,NumberofBankInqsPast12M,NumberofFinanceInqs,NumberofFinanceInqsPast1M,NumberofFinanceInqsPast3M,NumberofFinanceInqsPast6M,NumberofFinanceInqsPast12M,NumberofPublicRecords,NumberofPublicRecordsPast6M,NumberofPublicRecordsPast12M,NumberofPublicRecordsPast7Y,NumberofBankruptcy,NumberofBankruptcyPast6M,NumberofBankruptcyPast12M,NumberofBankruptcyPast7Y,AmountLiabilitiesPublicRecords,AmountLiabilitiesPublicRecordsPast6M,AmountLiabilitiesPublicRecordsPast12M,AmountLiabilitiesPublicRecordsPast7Y,AmountLiabilitiesBankruptcy,AmountLiabilitiesBankruptcyPast6M,AmountLiabilitiesBankruptcyPast12M,AmountLiabilitiesBankruptcyPast7Y,MonthsSinceMostRecentPublicRecord,MonthsSinceMostRecentBankruptcy,LengthOfCreditHistory,MonthsSinceLastestUnsecured,NumberofCUnionInqs,NumberofCUnionInqsPast1M,NumberofCUnionInqsPast3M,NumberofCUnionInqsPast6M,NumberofCUnionInqsPast12M,NumberFBInqs,NumberFBInqsPast1M,NumberFBInqsPast3M,NumberFBInqsPast6M,NumberFBInqsPast12M,NumberFBQInqs,NumberFBQInqsPast1M,NumberFBQInqsPast3M,NumberFBQInqsPast6M,NumberFBQInqsPast12M
0,727.0,1.0,3.0,1.0,3.0,197.09737943279688,1.0,9.0,1.0,3.0,0.0,0.0,0.0,0.0,1.0,2.0,1.0,1.0,1.0,1.0,1.0,1.0,1.0,3.0,1.0,3.0,0.0,0.0,0.0,0.0,1.0,2.0,0.0,0.0,1.0,4.0,0.0,0.0,282627.0,177587.0,0.0902,0.0599,0.0902,0.0599,21.0,1.0,5.0,13.0,83141.0,106381.0,0.0,0.9962620240000001,0.267846956,0.0,0.0,0.0,0.0,0.8786666670000001,0.17573333300000002,0.4322747957836424,0.4680081637888449,0.4501136351480988,0.9962620240000001,0.9962620240000001,0.9962620240000001,0.0,0.0,0.0,0.0,0.0,0.0,0.5095931945022548,0.5921303489034627,0.5509560082483435,0.8786666670000001,0.8786666670000001,0.8786666670000001,0.0,0.8786666670000001,0.146444444,2.0,0.0599,0.781539937,0.073166667,0.073166667,27.853732247185675,35.890144151414006,34.92711651925886,26.508510126521383,31.438948681500392,27.741892750449463,37.302340814286204,0.0,0.0,0.0,0.0,0.0,0.0,2867.41991244302,46.891135854304515,0.0,0.20640394336397605,0.0,0.0,0.0,0.0,0.0,0.0,0.0,0.0,0.0,0.0,0.0,904.9545513924352,0.0,1028.5906851591715,905.0711952971914,1028.5946817561285,0.0,0.0,999.0,999.0,3.9356503430000003,5.656740847260462,4.0,0.0,0.0,1.0,3.0,1.0,0.0,0.0,0.0,0.0,2.0,0.0,0.0,1.0,2.0,0.0,0.0,0.0,0.0,0.0,0.0,0.0,0.0,0.0,0.0,0.0,0.0,0.0,0.0,0.0,0.0,999.0,999.0,4963.0,999.0,0.0,0.0,0.0,0.0,0.0,3.0,0.0,0.0,1.0,2.0,3.0,0.0,0.0,1.0,2.0
1,684.0,1.0,4.0,1.0,3.0,197.09737943279688,1.0,3.0,1.0,1.0,1.0,1.0,0.0,0.0,1.0,1.0,0.0,0.0,1.0,6.0,0.0,0.0,0.0,0.0,0.0,0.0,0.0,0.0,0.0,0.0,1.0,1.0,1.0,1.0,1.0,2.0,0.0,0.0,8336.0,89850.0,0.24765855372767778,0.17165551407520763,0.19879655649431777,0.1663056695127031,17.0,0.0,0.0,4.0,6235.0,28600.0,0.0,0.459703704,0.154358599,0.0,0.459703704,0.154358599,0.1023490985505458,0.4206634500243669,0.23163823215630863,0.4322747957836424,0.4680081637888449,0.4501136351480988,0.8175436564250039,0.8227748335411396,0.8201750517310048,0.0,0.459703704,0.154358599,0.21949510738274342,0.30231388228850287,0.2593781066187575,0.5095931945022548,0.5921303489034627,0.5509560082483435,0.13739531673360156,0.36023245774213625,0.23309239028537904,0.0,0.459703704,0.154358599,0.0,0.13363033743802974,0.218006993,0.2051032991651232,0.18142102402823793,21.0,35.890144151414006,34.92711651925886,21.0,31.438948681500392,21.0,37.302340814286204,0.0,0.0,1.0,4.0,0.0,29.0,2867.41991244302,46.891135854304515,1.0,1.0,0.0,0.0,0.0,0.0,0.0,0.0,0.0,0.0,0.0,0.0,0.0,904.9545513924352,0.0,1028.5906851591715,905.0711952971914,1028.5946817561285,0.0,0.0,999.0,999.0,2.374529027,5.656740847260462,2.0,0.0,1.0,1.0,1.0,1.0,0.0,0.0,0.0,0.0,0.0,0.0,0.0,0.0,0.0,0.0,0.0,0.0,0.0,0.0,0.0,0.0,0.0,0.0,0.0,0.0,0.0,0.0,0.0,0.0,0.0,999.0,999.0,4789.0,999.0,0.0,0.0,0.0,0.0,0.0,1.0,0.0,0.0,0.0,0.0,1.0,0.0,0.0,0.0,0.0
2,764.0,1.0,6.0,1.0,6.0,197.09737943279688,0.0,0.0,0.0,0.0,0.0,0.0,0.0,0.0,0.0,0.0,0.0,0.0,0.0,0.0,0.0,0.0,0.0,0.0,0.0,0.0,0.0,0.0,0.0,0.0,0.0,0.0,0.0,0.0,0.0,0.0,0.0,0.0,2231.0,31724.0,0.24765855372767778,0.17165551407520763,0.19879655649431777,0.1663056695127031,9.0,1.0,3.0,9.0,0.0,15524.0,0.0,0.0,0.0,0.0,0.0,0.0,0.1023490985505458,0.4206634500243669,0.23163823215630863,0.4322747957836424,0.4680081637888449,0.4501136351480988,0.8175436564250039,0.8227748335411396,0.8201750517310048,0.0,0.0,0.0,0.21949510738274342,0.30231388228850287,0.2593781066187575,0.5095931945022548,0.5921303489034627,0.5509560082483435,0.13739531673360156,0.36023245774213625,0.23309239028537904,0.0,0.0,0.0,0.0,0.13363033743802974,0.0,0.2051032991651232,0.18142102402823793,27.853732247185675,35.890144151414006,34.92711651925886,26.508510126521383,31.438948681500392,27.741892750449463,37.302340814286204,0.0,0.0,0.0,0.0,0.0,0.0,2867.41991244302,46.891135854304515,0.0,0.20640394336397605,0.0,0.0,0.0,0.0,0.0,0.0,0.0,0.0,0.0,0.0,0.0,904.9545513924352,0.0,1028.5906851591715,905.0711952971914,1028.5946817561285,0.0,0.0,999.0,999.0,15.02726183,5.656740847260462,3.0,0.0,0.0,0.0,0.0,2.0,0.0,0.0,0.0,0.0,0.0,0.0,0.0,0.0,0.0,0.0,0.0,0.0,0.0,0.0,0.0,0.0,0.0,0.0,0.0,0.0,0.0,0.0,0.0,0.0,0.0,999.0,999.0,1038.0,999.0,0.0,0.0,0.0,0.0,0.0,2.0,0.0,0.0,0.0,0.0,2.0,0.0,0.0,0.0,0.0
3,654.0,1.0,8.0,1.0,8.0,197.09737943279688,1.0,9.0,1.0,2.0,1.0,1.0,1.0,1.0,1.0,1.0,1.0,1.0,1.0,2.0,1.0,1.0,0.0,0.0,0.0,0.0,0.0,0.0,0.0,0.0,0.0,0.0,0.0,0.0,1.0,8.0,1.0,2.0,325314.0,102600.0,0.24765855372767778,0.17165551407520763,0.19879655649431777,0.1663056695127031,26.0,1.0,2.0,15.0,28988.0,38300.0,0.0,0.9528461540000001,0.616381474,0.0,0.913125,0.549088538,0.1023490985505458,0.4206634500243669,0.23163823215630863,0.90555,0.90555,0.90555,0.9528461540000001,0.9528461540000001,0.9528461540000001,0.0,0.913125,0.549088538,0.21949510738274342,0.30231388228850287,0.2593781066187575,0.5095931945022548,0.5921303489034627,0.5509560082483435,0.13739531673360156,0.36023245774213625,0.23309239028537904,0.0,0.913125,0.549088538,3.0,0.13363033743802974,0.7568668409999999,0.2051032991651232,0.18142102402823793,27.853732247185675,35.890144151414006,34.92711651925886,26.508510126521383,31.438948681500392,27.741892750449463,37.302340814286204,0.0,0.0,0.0,0.0,0.0,0.0,2867.41991244302,46.891135854304515,0.0,0.20640394336397605,0.0,0.0,0.0,0.0,0.0,0.0,0.0,0.0,0.0,0.0,0.0,904.9545513924352,0.0,1028.5906851591715,905.0711952971914,1028.5946817561285,0.0,0.0,999.0,999.0,10.86460167,5.656740847260462,2.0,0.0,0.0,0.0,1.0,1.0,0.0,0.0,0.0,1.0,0.0,0.0,0.0,0.0,0.0,0.0,0.0,0.0,0.0,0.0,0.0,0.0,0.0,0.0,0.0,0.0,0.0,0.0,0.0,0.0,0.0,999.0,999.0,5787.0,999.0,0.0,0.0,0.0,0.0,0.0,1.0,0.0,0.0,0.0,1.0,1.0,0.0,0.0,0.0,1.0
4,648.0,1.0,3.0,1.0,3.0,197.09737943279688,1.0,10.0,1.0,2.0,0.0,0.0,0.0,0.0,0.0,0.0,0.0,0.0,1.0,2.0,1.0,2.0,1.0,1.0,0.0,0.0,0.0,0.0,0.0,0.0,1.0,3.0,1.0,1.0,1.0,6.0,1.0,1.0,314084.0,55500.0,0.0975,0.0975,0.19879655649431777,0.1663056695127031,19.0,1.0,3.0,10.0,6478.0,42500.0,0.0,0.9742222220000001,0.31335555600000004,0.0,0.9742222220000001,0.48711111100000004,0.0,0.2792,0.1396,0.4322747957836424,0.4680081637888449,0.4501136351480988,0.8175436564250039,0.8227748335411396,0.8201750517310048,0.0,0.9742222220000001,0.31335555600000004,0.21949510738274342,0.30231388228850287,0.2593781066187575,0.5095931945022548,0.5921303489034627,0.5509560082483435,0.13739531673360156,0.36023245774213625,0.23309239028537904,0.0,0.9742222220000001,0.31335555600000004,1.0,0.0837,0.152423529,0.0975,0.18142102402823793,65.0,65.0,65.0,26.508510126521383,31.438948681500392,27.741892750449463,37.302340814286204,0.0,0.0,0.0,0.0,0.0,0.0,2867.41991244302,57.0,1.0,1.0,0.0,0.0,0.0,0.0,0.0,0.0,0.0,0.0,0.0,0.0,0.0,904.9545513924352,0.0,1028.5906851591715,905.0711952971914,1028.5946817561285,0.0,0.0,999.0,999.0,6.094276756,5.656740847260462,2.0,0.0,0.0,0.0,2.0,1.0,0.0,0.0,0.0,1.0,0.0,0.0,0.0,0.0,0.0,0.0,0.0,0.0,0.0,0.0,0.0,0.0,0.0,0.0,0.0,0.0,0.0,0.0,0.0,0.0,0.0,999.0,999.0,4758.0,999.0,0.0,0.0,0.0,0.0,0.0,1.0,0.0,0.0,0.0,1.0,1.0,0.0,0.0,0.0,1.0
5,730.0,1.0,3.0,1.0,3.0,197.09737943279688,1.0,2.0,1.0,1.0,0.0,0.0,0.0,0.0,0.0,0.0,0.0,0.0,0.0,0.0,0.0,0.0,0.0,0.0,0.0,0.0,0.0,0.0,0.0,0.0,0.0,0.0,0.0,0.0,1.0,2.0,1.0,1.0,3964.0,23200.0,0.24765855372767778,0.17165551407520763,0.19879655649431777,0.1663056695127031,8.0,1.0,3.0,7.0,94.0,1700.0,0.0,0.134285714,0.067142857,0.2283014542102154,0.7215165221301164,0.45954344433289057,0.0,0.134285714,0.067142857,0.4322747957836424,0.4680081637888449,0.4501136351480988,0.8175436564250039,0.8227748335411396,0.8201750517310048,0.2104185759570745,0.7090184367535045,0.44274468087691793,0.21949510738274342,0.30231388228850287,0.2593781066187575,0.5095931945022548,0.5921303489034627,0.5509560082483435,0.134285714,0.134285714,0.134285714,0.0,0.134285714,0.067142857,0.0,0.13363033743802974,0.055294117999999996,0.2051032991651232,0.18142102402823793,27.853732247185675,35.890144151414006,34.92711651925886,26.508510126521383,31.438948681500392,27.741892750449463,37.302340814286204,0.0,0.0,0.0,0.0,0.0,0.0,2867.41991244302,46.891135854304515,0.0,0.20640394336397605,0.0,0.0,0.0,0.0,0.0,0.0,0.0,0.0,0.0,0.0,0.0,904.9545513924352,0.0,1028.5906851591715,905.0711952971914,1028.5946817561285,0.0,0.0,999.0,999.0,20.08770387,5.656740847260462,1.0,0.0,0.0,0.0,0.0,0.0,0.0,0.0,0.0,0.0,1.0,0.0,0.0,0.0,0.0,0.0,0.0,0.0,0.0,0.0,0.0,0.0,0.0,0.0,0.0,0.0,0.0,0.0,0.0,0.0,0.0,999.0,999.0,1544.0,999.0,0.0,0.0,0.0,0.0,0.0,1.0,0.0,0.0,0.0,0.0,1.0,0.0,0.0,0.0,0.0
6,659.0,1.0,3.0,1.0,2.0,197.09737943279688,1.0,17.0,1.0,2.0,0.0,0.0,0.0,0.0,0.0,0.0,0.0,0.0,0.0,0.0,0.0,0.0,1.0,3.0,0.0,0.0,1.0,1.0,0.0,0.0,0.0,0.0,0.0,0.0,1.0,9.0,0.0,0.0,132498.0,68240.0,0.1332,0.1119,0.19879655649431777,0.1663056695127031,26.0,1.0,3.0,7.0,44115.0,51990.0,0.0,0.9593506490000001,0.614313517,0.7606194690000001,0.9593506490000001,0.8599850590000001,0.0,0.737283951,0.368641975,0.4322747957836424,0.4680081637888449,0.4501136351480988,0.8175436564250039,0.8227748335411396,0.8201750517310048,0.7606194690000001,0.9593506490000001,0.8599850590000001,0.21949510738274342,0.30231388228850287,0.2593781066187575,0.5095931945022548,0.5921303489034627,0.5509560082483435,0.0,0.0,0.0,0.0,0.9593506490000001,0.614313517,2.0,0.0,0.848528563,0.11926666699999999,0.18142102402823793,27.853732247185675,35.890144151414006,34.92711651925886,26.508510126521383,31.438948681500392,27.741892750449463,37.302340814286204,0.0,0.0,0.0,0.0,0.0,0.0,2867.41991244302,46.891135854304515,0.0,0.20640394336397605,0.0,0.0,0.0,0.0,0.0,0.0,0.0,0.0,0.0,0.0,0.0,904.9545513924352,0.0,1028.5906851591715,905.0711952971914,1028.5946817561285,0.0,0.0,999.0,999.0,5.0565760310000005,5.656740847260462,1.0,0.0,0.0,1.0,1.0,0.0,0.0,0.0,0.0,0.0,0.0,0.0,0.0,0.0,0.0,0.0,0.0,0.0,0.0,0.0,0.0,0.0,0.0,0.0,0.0,0.0,0.0,0.0,0.0,0.0,0.0,999.0,999.0,9657.0,999.0,0.0,0.0,0.0,0.0,0.0,0.0,0.0,0.0,0.0,0.0,0.0,0.0,0.0,0.0,0.0
7,806.0,1.0,11.0,1.0,5.0,197.09737943279688,1.0,10.0,1.0,1.0,0.0,0.0,0.0,0.0,0.0,0.0,0.0,0.0,1.0,2.0,1.0,1.0,0.0,0.0,0.0,0.0,0.0,0.0,0.0,0.0,0.0,0.0,0.0,0.0,1.0,8.0,1.0,1.0,149895.0,200474.0,0.24765855372767778,0.17165551407520763,0.19879655649431777,0.1663056695127031,32.0,1.0,3.0,10.0,9918.0,65150.0,0.0,0.47200000000000003,0.153624459,0.0,0.47200000000000003,0.23764285699999999,0.0,0.208818182,0.069606061,0.4322747957836424,0.4680081637888449,0.4501136351480988,0.8175436564250039,0.8227748335411396,0.8201750517310048,0.0,0.47200000000000003,0.23764285699999999,0.21949510738274342,0.30231388228850287,0.2593781066187575,0.5095931945022548,0.5921303489034627,0.5509560082483435,0.13739531673360156,0.36023245774213625,0.23309239028537904,0.0,0.47200000000000003,0.153624459,0.0,0.0422,0.152233308,0.2051032991651232,0.18142102402823793,27.853732247185675,35.890144151414006,34.92711651925886,26.508510126521383,31.438948681500392,27.741892750449463,37.302340814286204,0.0,0.0,0.0,0.0,0.0,0.0,2867.41991244302,46.891135854304515,0.0,0.20640394336397605,0.0,0.0,0.0,0.0,0.0,0.0,0.0,0.0,0.0,0.0,0.0,904.9545513924352,0.0,1028.5906851591715,905.0711952971914,1028.5946817561285,0.0,0.0,999.0,999.0,5.338482946,5.656740847260462,3.0,0.0,0.0,2.0,2.0,1.0,0.0,0.0,1.0,1.0,0.0,0.0,0.0,0.0,0.0,0.0,0.0,0.0,0.0,0.0,0.0,0.0,0.0,0.0,0.0,0.0,0.0,0.0,0.0,0.0,0.0,999.0,999.0,6683.0,999.0,1.0,0.0,0.0,1.0,1.0,1.0,0.0,0.0,1.0,1.0,2.0,0.0,0.0,2.0,2.0
8,656.0,1.0,7.0,1.0,2.0,197.09737943279688,1.0,2.0,0.0,0.0,0.0,0.0,0.0,0.0,1.0,1.0,0.0,0.0,1.0,2.0,1.0,1.0,0.0,0.0,0.0,0.0,0.0,0.0,0.0,0.0,0.0,0.0,0.0,0.0,1.0,1.0,0.0,0.0,370021.0,177601.0,0.24765855372767778,0.17165551407520763,0.19879655649431777,0.1663056695127031,19.0,1.0,1.0,5.0,6818.0,7000.0,0.9740000000000001,0.9740000000000001,0.9740000000000001,0.9740000000000001,0.9740000000000001,0.9740000000000001,0.1023490985505458,0.4206634500243669,0.23163823215630863,0.4322747957836424,0.4680081637888449,0.4501136351480988,0.8175436564250039,0.8227748335411396,0.8201750517310048,0.9740000000000001,0.9740000000000001,0.9740000000000001,0.21949510738274342,0.30231388228850287,0.2593781066187575,0.5095931945022548,0.5921303489034627,0.5509560082483435,0.13739531673360156,0.36023245774213625,0.23309239028537904,0.9740000000000001,0.9740000000000001,0.9740000000000001,1.0,0.13363033743802974,0.9740000000000001,0.2051032991651232,0.18142102402823793,5.0,76.0,76.0,26.508510126521383,5.0,27.741892750449463,37.302340814286204,1.0,1.0,0.0,0.0,1.0,359770.0,2867.41991244302,39.0,3.0,1.0,0.0,0.0,0.0,0.0,0.0,0.0,0.0,0.0,0.0,0.0,0.0,904.9545513924352,0.0,1028.5906851591715,905.0711952971914,1028.5946817561285,0.0,0.0,999.0,999.0,999.0,5.656740847260462,0.0,0.0,0.0,0.0,0.0,0.0,0.0,0.0,0.0,0.0,0.0,0.0,0.0,0.0,0.0,0.0,0.0,0.0,0.0,0.0,0.0,0.0,0.0,0.0,0.0,0.0,0.0,0.0,0.0,0.0,0.0,999.0,999.0,9788.0,999.0,0.0,0.0,0.0,0.0,0.0,0.0,0.0,0.0,0.0,0.0,0.0,0.0,0.0,0.0,0.0
9,652.0,1.0,3.0,1.0,3.0,197.09737943279688,1.0,9.0,1.0,2.0,1.0,2.0,1.0,1.0,0.0,0.0,0.0,0.0,1.0,2.0,1.0,2.0,0.0,0.0,0.0,0.0,0.0,0.0,0.0,0.0,1.0,3.0,0.0,0.0,1.0,6.0,1.0,2.0,340604.0,41700.0,0.24765855372767778,0.17165551407520763,0.19879655649431777,0.1663056695127031,21.0,1.0,4.0,12.0,14957.0,25800.0,0.0,0.999655172,0.6881085640000001,0.690666667,0.995454545,0.843060606,0.0,0.93675,0.48095833299999996,0.999655172,0.999655172,0.999655172,0.8175436564250039,0.8227748335411396,0.8201750517310048,0.690666667,0.995454545,0.843060606,0.93675,0.93675,0.93675,0.5095931945022548,0.5921303489034627,0.5509560082483435,0.13739531673360156,0.36023245774213625,0.23309239028537904,0.0,0.995454545,0.625799242,3.0,0.13363033743802974,0.579728682,0.2051032991651232,0.18142102402823793,27.853732247185675,35.890144151414006,34.92711651925886,26.508510126521383,31.438948681500392,27.741892750449463,37.302340814286204,0.0,0.0,0.0,0.0,0.0,0.0,2867.41991244302,46.891135854304515,0.0,0.20640394336397605,1.0,0.0,1.0,0.0,0.0,0.0,0.0,0.0,0.0,0.0,90.0,90.0,0.0,1028.5906851591715,90.0,1028.5946817561285,90.0,0.0,6.222096988,999.0,0.209653201,6.381188275,9.0,1.0,1.0,4.0,4.0,4.0,0.0,0.0,1.0,1.0,2.0,0.0,0.0,1.0,1.0,0.0,0.0,0.0,0.0,0.0,0.0,0.0,0.0,0.0,0.0,0.0,0.0,0.0,0.0,0.0,0.0,999.0,999.0,6768.0,999.0,0.0,0.0,0.0,0.0,0.0,6.0,0.0,0.0,2.0,2.0,6.0,0.0,0.0,2.0,2.0
10,672.0,1.0,14.0,1.0,6.0,197.09737943279688,1.0,2.0,1.0,1.0,1.0,1.0,0.0,0.0,1.0,1.0,0.0,0.0,0.0,0.0,0.0,0.0,1.0,1.0,1.0,1.0,0.0,0.0,0.0,0.0,0.0,0.0,0.0,0.0,1.0,1.0,0.0,0.0,89668.0,225077.0,0.1514,0.1514,0.1514,0.1514,28.0,1.0,5.0,12.0,5351.0,15472.0,0.0,0.47944444399999997,0.238939815,0.2283014542102154,0.7215165221301164,0.45954344433289057,0.0,0.47944444399999997,0.238939815,0.4322747957836424,0.4680081637888449,0.4501136351480988,0.8175436564250039,0.8227748335411396,0.8201750517310048,0.237375,0.237375,0.237375,0.21949510738274342,0.30231388228850287,0.2593781066187575,0.5095931945022548,0.5921303489034627,0.5509560082483435,0.0,0.0,0.0,0.0,0.47944444399999997,0.238939815,0.0,0.13363033743802974,0.345850569,0.1514,0.1514,27.853732247185675,35.890144151414006,34.92711651925886,26.508510126521383,31.438948681500392,27.741892750449463,37.302340814286204,0.0,0.0,0.0,0.0,0.0,0.0,2867.41991244302,46.891135854304515,0.0,0.20640394336397605,0.0,0.0,0.0,0.0,0.0,0.0,0.0,0.0,0.0,0.0,0.0,904.9545513924352,0.0,1028.5906851591715,905.0711952971914,1028.5946817561285,0.0,0.0,999.0,999.0,9.786894425,5.656740847260462,4.0,0.0,0.0,0.0,2.0,1.0,0.0,0.0,0.0,0.0,0.0,0.0,0.0,0.0,0.0,0.0,0.0,0.0,0.0,0.0,0.0,0.0,0.0,0.0,0.0,0.0,0.0,0.0,0.0,0.0,0.0,999.0,999.0,12343.0,999.0,0.0,0.0,0.0,0.0,0.0,1.0,0.0,0.0,0.0,0.0,1.0,0.0,0.0,0.0,0.0
11,722.0,0.0,0.0,0.0,0.0,197.09737943279688,1.0,3.0,1.0,1.0,0.0,0.0,0.0,0.0,0.0,0.0,0.0,0.0,0.0,0.0,0.0,0.0,0.0,0.0,0.0,0.0,0.0,0.0,0.0,0.0,0.0,0.0,0.0,0.0,1.0,1.0,0.0,0.0,14302.0,7000.0,0.24765855372767778,0.17165551407520763,0.19879655649431777,0.1663056695127031,5.0,1.0,2.0,3.0,623.0,7000.0,0.0,0.100483871,0.050241935,0.2283014542102154,0.7215165221301164,0.45954344433289057,0.0,0.100483871,0.050241935,0.4322747957836424,0.4680081637888449,0.4501136351480988,0.8175436564250039,0.8227748335411396,0.8201750517310048,0.2104185759570745,0.7090184367535045,0.44274468087691793,0.21949510738274342,0.30231388228850287,0.2593781066187575,0.5095931945022548,0.5921303489034627,0.5509560082483435,0.13739531673360156,0.36023245774213625,0.23309239028537904,0.0,0.100483871,0.050241935,0.0,0.13363033743802974,0.08900000000000001,0.2051032991651232,0.18142102402823793,27.853732247185675,35.890144151414006,34.92711651925886,26.508510126521383,31.438948681500392,27.741892750449463,37.302340814286204,0.0,0.0,0.0,0.0,0.0,0.0,2867.41991244302,46.891135854304515,0.0,0.20640394336397605,0.0,0.0,0.0,0.0,0.0,0.0,0.0,0.0,0.0,0.0,0.0,904.9545513924352,0.0,1028.5906851591715,905.0711952971914,1028.5946817561285,0.0,0.0,999.0,999.0,999.0,5.656740847260462,0.0,0.0,0.0,0.0,0.0,0.0,0.0,0.0,0.0,0.0,0.0,0.0,0.0,0.0,0.0,1.0,1.0,1.0,1.0,0.0,0.0,0.0,0.0,7669.0,7669.0,7669.0,7669.0,0.0,0.0,0.0,0.0,5.805984992000001,999.0,3111.0,999.0,0.0,0.0,0.0,0.0,0.0,0.0,0.0,0.0,0.0,0.0,0.0,0.0,0.0,0.0,0.0
12,698.0,1.0,8.0,1.0,4.0,197.09737943279688,1.0,13.0,1.0,3.0,0.0,0.0,0.0,0.0,0.0,0.0,0.0,0.0,1.0,1.0,1.0,1.0,0.0,0.0,0.0,0.0,0.0,0.0,0.0,0.0,1.0,5.0,0.0,0.0,1.0,5.0,1.0,1.0,722274.0,36924.0,0.24765855372767778,0.17165551407520763,0.19879655649431777,0.1663056695127031,24.0,1.0,1.0,9.0,2220.0,20624.0,0.0,0.242833333,0.104138889,0.0,0.242833333,0.08811111099999999,0.152222222,0.152222222,0.152222222,0.4322747957836424,0.4680081637888449,0.4501136351480988,0.8175436564250039,0.8227748335411396,0.8201750517310048,0.0,0.242833333,0.08811111099999999,0.21949510738274342,0.30231388228850287,0.2593781066187575,0.5095931945022548,0.5921303489034627,0.5509560082483435,0.152222222,0.152222222,0.152222222,0.0,0.242833333,0.104138889,0.0,0.13363033743802974,0.10764158300000001,0.2051032991651232,0.18142102402823793,27.853732247185675,35.890144151414006,34.92711651925886,26.508510126521383,31.438948681500392,27.741892750449463,37.302340814286204,0.0,0.0,0.0,0.0,0.0,0.0,2867.41991244302,46.891135854304515,0.0,0.20640394336397605,0.0,0.0,0.0,0.0,0.0,0.0,0.0,0.0,0.0,0.0,0.0,904.9545513924352,0.0,1028.5906851591715,905.0711952971914,1028.5946817561285,0.0,0.0,999.0,999.0,3.5270511439999996,5.656740847260462,7.0,0.0,0.0,1.0,2.0,3.0,0.0,0.0,1.0,1.0,2.0,0.0,0.0,0.0,1.0,0.0,0.0,0.0,0.0,0.0,0.0,0.0,0.0,0.0,0.0,0.0,0.0,0.0,0.0,0.0,0.0,999.0,999.0,5391.0,999.0,0.0,0.0,0.0,0.0,0.0,5.0,0.0,0.0,1.0,2.0,5.0,0.0,0.0,1.0,2.0
13,692.0,1.0,2.0,1.0,1.0,197.09737943279688,1.0,5.0,1.0,3.0,0.0,0.0,0.0,0.0,0.0,0.0,0.0,0.0,0.0,0.0,0.0,0.0,1.0,2.0,1.0,1.0,0.0,0.0,0.0,0.0,0.0,0.0,0.0,0.0,1.0,1.0,1.0,1.0,143464.0,18500.0,0.1102,0.0867,0.0867,0.0867,10.0,1.0,3.0,7.0,0.0,0.0,0.09240675647894674,0.7614528238598197,0.3798055225104747,0.2283014542102154,0.7215165221301164,0.45954344433289057,0.1023490985505458,0.4206634500243669,0.23163823215630863,0.4322747957836424,0.4680081637888449,0.4501136351480988,0.8175436564250039,0.8227748335411396,0.8201750517310048,0.2104185759570745,0.7090184367535045,0.44274468087691793,0.21949510738274342,0.30231388228850287,0.2593781066187575,0.5095931945022548,0.5921303489034627,0.5509560082483435,0.13739531673360156,0.36023245774213625,0.23309239028537904,0.09595225264957605,0.7541627545349311,0.37893962683506816,0.0,0.083,0.42125076938774886,0.09845,0.0867,27.853732247185675,35.890144151414006,34.92711651925886,26.508510126521383,31.438948681500392,27.741892750449463,37.302340814286204,0.0,0.0,0.0,0.0,0.0,0.0,2867.41991244302,46.891135854304515,0.0,0.20640394336397605,0.0,0.0,0.0,0.0,0.0,0.0,0.0,0.0,0.0,0.0,0.0,904.9545513924352,0.0,1028.5906851591715,905.0711952971914,1028.5946817561285,0.0,0.0,999.0,999.0,8.624292502000001,5.656740847260462,6.0,0.0,0.0,0.0,3.0,3.0,0.0,0.0,0.0,1.0,1.0,0.0,0.0,0.0,1.0,0.0,0.0,0.0,0.0,0.0,0.0,0.0,0.0,0.0,0.0,0.0,0.0,0.0,0.0,0.0,0.0,999.0,999.0,2743.0,999.0,1.0,0.0,0.0,0.0,1.0,4.0,0.0,0.0,0.0,2.0,5.0,0.0,0.0,0.0,3.0
14,745.0,1.0,6.0,1.0,4.0,197.09737943279688,1.0,9.0,1.0,3.0,0.0,0.0,0.0,0.0,0.0,0.0,0.0,0.0,1.0,5.0,1.0,1.0,1.0,3.0,1.0,1.0,0.0,0.0,0.0,0.0,0.0,0.0,0.0,0.0,1.0,5.0,1.0,1.0,139893.0,39050.0,0.2062,0.2062,0.19879655649431777,0.1663056695127031,26.0,1.0,5.0,13.0,3730.0,14550.0,0.0,0.550888889,0.208193939,0.0,0.550888889,0.331777778,0.0,0.045636364000000006,0.022818182000000003,0.4322747957836424,0.4680081637888449,0.4501136351480988,0.8175436564250039,0.8227748335411396,0.8201750517310048,0.0,0.444444444,0.163360269,0.21949510738274342,0.30231388228850287,0.2593781066187575,0.550888889,0.550888889,0.550888889,0.0,0.0,0.0,0.0,0.550888889,0.208193939,0.0,0.0706,0.256357388,0.2062,0.18142102402823793,27.853732247185675,35.890144151414006,34.92711651925886,26.508510126521383,31.438948681500392,27.741892750449463,37.302340814286204,0.0,0.0,0.0,0.0,0.0,0.0,2867.41991244302,46.891135854304515,0.0,0.0,0.0,0.0,0.0,0.0,0.0,0.0,0.0,0.0,0.0,0.0,0.0,904.9545513924352,0.0,1028.5906851591715,905.0711952971914,1028.5946817561285,0.0,0.0,999.0,999.0,9.011343953999999,5.656740847260462,2.0,0.0,0.0,0.0,2.0,1.0,0.0,0.0,0.0,1.0,1.0,0.0,0.0,0.0,1.0,0.0,0.0,0.0,0.0,0.0,0.0,0.0,0.0,0.0,0.0,0.0,0.0,0.0,0.0,0.0,0.0,999.0,999.0,5127.0,999.0,0.0,0.0,0.0,0.0,0.0,2.0,0.0,0.0,0.0,2.0,2.0,0.0,0.0,0.0,2.0
15,648.0,1.0,2.0,1.0,2.0,197.09737943279688,0.0,0.0,0.0,0.0,0.0,0.0,0.0,0.0,0.0,0.0,0.0,0.0,0.0,0.0,0.0,0.0,0.0,0.0,0.0,0.0,0.0,0.0,0.0,0.0,0.0,0.0,0.0,0.0,0.0,0.0,0.0,0.0,1439.0,5556.0,0.24765855372767778,0.17165551407520763,0.19879655649431777,0.1663056695127031,4.0,1.0,2.0,4.0,1439.0,5556.0,0.1304,0.49125,0.261674006,0.251046025,0.49125,0.37114801299999994,0.1304,0.174,0.1522,0.4322747957836424,0.4680081637888449,0.4501136351480988,0.8175436564250039,0.8227748335411396,0.8201750517310048,0.174,0.49125,0.30543200800000003,0.21949510738274342,0.30231388228850287,0.2593781066187575,0.5095931945022548,0.5921303489034627,0.5509560082483435,0.13739531673360156,0.36023245774213625,0.23309239028537904,0.1304,0.49125,0.261674006,0.0,0.13363033743802974,0.25899928,0.2051032991651232,0.18142102402823793,27.853732247185675,35.890144151414006,34.92711651925886,26.508510126521383,31.438948681500392,27.741892750449463,37.302340814286204,0.0,0.0,0.0,0.0,0.0,0.0,2867.41991244302,46.891135854304515,0.0,0.20640394336397605,2.0,0.0,0.0,2.0,1.0,0.0,0.0,0.0,0.0,0.0,475.0,376.0,0.0,1028.5906851591715,376.0,1028.5946817561285,466.0,0.0,28.30007822,999.0,21.7291014,5.656740847260462,1.0,0.0,0.0,0.0,0.0,1.0,0.0,0.0,0.0,0.0,0.0,0.0,0.0,0.0,0.0,0.0,0.0,0.0,0.0,0.0,0.0,0.0,0.0,0.0,0.0,0.0,0.0,0.0,0.0,0.0,0.0,999.0,999.0,652.0,999.0,0.0,0.0,0.0,0.0,0.0,1.0,0.0,0.0,0.0,0.0,1.0,0.0,0.0,0.0,0.0
16,660.0,1.0,7.0,1.0,7.0,197.09737943279688,1.0,11.0,1.0,4.0,0.0,0.0,0.0,0.0,1.0,1.0,0.0,0.0,1.0,1.0,0.0,0.0,1.0,3.0,1.0,1.0,0.0,0.0,0.0,0.0,1.0,1.0,0.0,0.0,1.0,6.0,1.0,3.0,44349.0,194380.0,0.3125,0.1092,0.3125,0.3125,23.0,1.0,2.0,13.0,3909.0,15280.0,0.0,0.946,0.239625,0.0,0.946,0.3195,0.0,0.0,0.0,0.4322747957836424,0.4680081637888449,0.4501136351480988,0.8175436564250039,0.8227748335411396,0.8201750517310048,0.0,0.0125,0.00625,0.21949510738274342,0.30231388228850287,0.2593781066187575,0.946,0.946,0.946,0.13739531673360156,0.36023245774213625,0.23309239028537904,0.0,0.946,0.239625,1.0,0.3125,0.255824607,0.176966667,0.3125,60.0,60.0,60.0,26.508510126521383,31.438948681500392,27.741892750449463,37.302340814286204,0.0,0.0,0.0,0.0,0.0,0.0,2867.41991244302,46.891135854304515,1.0,0.5,0.0,0.0,0.0,0.0,0.0,0.0,0.0,0.0,0.0,0.0,0.0,904.9545513924352,0.0,1028.5906851591715,905.0711952971914,1028.5946817561285,0.0,0.0,999.0,999.0,999.0,5.656740847260462,0.0,0.0,0.0,0.0,0.0,0.0,0.0,0.0,0.0,0.0,0.0,0.0,0.0,0.0,0.0,0.0,0.0,0.0,0.0,0.0,0.0,0.0,0.0,0.0,0.0,0.0,0.0,0.0,0.0,0.0,0.0,999.0,999.0,7019.0,999.0,0.0,0.0,0.0,0.0,0.0,0.0,0.0,0.0,0.0,0.0,0.0,0.0,0.0,0.0,0.0
17,749.0,1.0,2.0,1.0,2.0,197.09737943279688,1.0,1.0,1.0,1.0,0.0,0.0,0.0,0.0,0.0,0.0,0.0,0.0,1.0,2.0,1.0,1.0,0.0,0.0,0.0,0.0,0.0,0.0,0.0,0.0,0.0,0.0,0.0,0.0,1.0,1.0,1.0,1.0,240709.0,18500.0,0.24765855372767778,0.17165551407520763,0.19879655649431777,0.1663056695127031,6.0,0.0,0.0,4.0,0.0,0.0,0.09240675647894674,0.7614528238598197,0.3798055225104747,0.2283014542102154,0.7215165221301164,0.45954344433289057,0.1023490985505458,0.4206634500243669,0.23163823215630863,0.4322747957836424,0.4680081637888449,0.4501136351480988,0.8175436564250039,0.8227748335411396,0.8201750517310048,0.2104185759570745,0.7090184367535045,0.44274468087691793,0.21949510738274342,0.30231388228850287,0.2593781066187575,0.5095931945022548,0.5921303489034627,0.5509560082483435,0.13739531673360156,0.36023245774213625,0.23309239028537904,0.09595225264957605,0.7541627545349311,0.37893962683506816,0.0,0.0642,0.42125076938774886,0.2051032991651232,0.18142102402823793,40.0,35.890144151414006,34.92711651925886,40.0,31.438948681500392,40.0,37.302340814286204,0.0,0.0,0.0,0.0,0.0,0.0,217.0,44.0,2.0,1.0,0.0,0.0,0.0,0.0,0.0,0.0,0.0,0.0,0.0,0.0,0.0,904.9545513924352,0.0,1028.5906851591715,905.0711952971914,1028.5946817561285,0.0,0.0,999.0,999.0,10.29189298,5.656740847260462,2.0,0.0,0.0,0.0,1.0,0.0,0.0,0.0,0.0,0.0,0.0,0.0,0.0,0.0,0.0,0.0,0.0,0.0,0.0,0.0,0.0,0.0,0.0,0.0,0.0,0.0,0.0,0.0,0.0,0.0,0.0,999.0,999.0,2688.0,999.0,0.0,0.0,0.0,0.0,0.0,0.0,0.0,0.0,0.0,0.0,0.0,0.0,0.0,0.0,0.0
18,648.0,1.0,6.0,1.0,4.0,197.09737943279688,1.0,5.0,1.0,2.0,0.0,0.0,0.0,0.0,0.0,0.0,0.0,0.0,1.0,1.0,1.0,1.0,0.0,0.0,0.0,0.0,0.0,0.0,0.0,0.0,0.0,0.0,0.0,0.0,1.0,5.0,1.0,2.0,225419.0,15850.0,0.24765855372767778,0.17165551407520763,0.19879655649431777,0.1663056695127031,15.0,1.0,3.0,10.0,0.0,2350.0,0.0,0.0,0.0,0.0,0.0,0.0,0.0,0.0,0.0,0.4322747957836424,0.4680081637888449,0.4501136351480988,0.8175436564250039,0.8227748335411396,0.8201750517310048,0.0,0.0,0.0,0.21949510738274342,0.30231388228850287,0.2593781066187575,0.5095931945022548,0.5921303489034627,0.5509560082483435,0.13739531673360156,0.36023245774213625,0.23309239028537904,0.0,0.0,0.0,0.0,0.13363033743802974,0.0,0.2051032991651232,0.18142102402823793,27.853732247185675,35.890144151414006,34.92711651925886,26.508510126521383,31.438948681500392,27.741892750449463,37.302340814286204,0.0,0.0,0.0,0.0,0.0,0.0,2867.41991244302,46.891135854304515,0.0,0.20640394336397605,2.0,0.0,0.0,2.0,2.0,1.0,0.0,0.0,1.0,1.0,893.0,738.0,155.0,155.0,738.0,155.0,893.0,155.0,31.51988141,31.51988141,2.410454108,5.656740847260462,10.0,0.0,1.0,3.0,5.0,3.0,0.0,0.0,0.0,1.0,0.0,0.0,0.0,0.0,0.0,0.0,0.0,0.0,0.0,0.0,0.0,0.0,0.0,0.0,0.0,0.0,0.0,0.0,0.0,0.0,0.0,999.0,999.0,1836.0,999.0,0.0,0.0,0.0,0.0,0.0,3.0,0.0,0.0,0.0,1.0,3.0,0.0,0.0,0.0,1.0
19,676.0,1.0,19.0,1.0,15.0,197.09737943279688,1.0,6.0,1.0,2.0,1.0,2.0,0.0,0.0,0.0,0.0,0.0,0.0,1.0,3.0,1.0,1.0,1.0,3.0,1.0,2.0,0.0,0.0,0.0,0.0,0.0,0.0,0.0,0.0,1.0,3.0,0.0,0.0,372131.0,198630.0,0.185,0.0801,0.185,0.0801,34.0,1.0,3.0,21.0,24410.0,78980.0,0.0,0.8605,0.33944485799999996,0.0,0.8605,0.385128596,0.0,0.48966666700000006,0.171937819,0.4322747957836424,0.4680081637888449,0.4501136351480988,0.8175436564250039,0.8227748335411396,0.8201750517310048,0.0,0.8605,0.385128596,0.48966666700000006,0.48966666700000006,0.48966666700000006,0.5095931945022548,0.5921303489034627,0.5509560082483435,0.0,0.026146789,0.013073393999999999,0.0,0.8605,0.33944485799999996,1.0,0.13363033743802974,0.309065586,0.11823333300000001,0.13255,17.0,35.890144151414006,34.92711651925886,60.0,17.0,60.0,37.302340814286204,0.0,0.0,0.0,6.0,1.0,0.0,6062.0,40.0,2.0,1.0,0.0,0.0,0.0,0.0,0.0,0.0,0.0,0.0,0.0,0.0,0.0,904.9545513924352,0.0,1028.5906851591715,905.0711952971914,1028.5946817561285,0.0,0.0,999.0,999.0,3.4597743380000003,5.656740847260462,3.0,0.0,0.0,1.0,2.0,1.0,0.0,0.0,0.0,1.0,1.0,0.0,0.0,0.0,0.0,0.0,0.0,0.0,0.0,0.0,0.0,0.0,0.0,0.0,0.0,0.0,0.0,0.0,0.0,0.0,0.0,999.0,999.0,6467.0,999.0,0.0,0.0,0.0,0.0,0.0,2.0,0.0,0.0,0.0,1.0,2.0,0.0,0.0,0.0,1.0
20,650.0,1.0,5.0,1.0,4.0,197.09737943279688,1.0,7.0,1.0,3.0,0.0,0.0,0.0,0.0,0.0,0.0,0.0,0.0,1.0,3.0,1.0,1.0,1.0,2.0,1.0,2.0,0.0,0.0,0.0,0.0,0.0,0.0,0.0,0.0,1.0,3.0,1.0,1.0,179540.0,24750.0,0.3204,0.2456,0.3204,0.2456,21.0,1.0,5.0,13.0,0.0,1900.0,0.0,0.0,0.0,0.0,0.0,0.0,0.1023490985505458,0.4206634500243669,0.23163823215630863,0.4322747957836424,0.4680081637888449,0.4501136351480988,0.8175436564250039,0.8227748335411396,0.8201750517310048,0.0,0.0,0.0,0.21949510738274342,0.30231388228850287,0.2593781066187575,0.5095931945022548,0.5921303489034627,0.5509560082483435,0.13739531673360156,0.36023245774213625,0.23309239028537904,0.0,0.0,0.0,0.0,0.13363033743802974,0.0,0.28300000000000003,0.28300000000000003,37.0,35.890144151414006,34.92711651925886,37.0,31.438948681500392,37.0,37.302340814286204,0.0,0.0,0.0,0.0,0.0,124.0,2867.41991244302,46.891135854304515,1.0,1.0,0.0,0.0,0.0,0.0,0.0,0.0,0.0,0.0,0.0,0.0,0.0,904.9545513924352,0.0,1028.5906851591715,905.0711952971914,1028.5946817561285,0.0,0.0,999.0,999.0,9.542048281,5.656740847260462,2.0,0.0,0.0,0.0,1.0,0.0,0.0,0.0,0.0,0.0,0.0,0.0,0.0,0.0,0.0,1.0,0.0,0.0,0.0,1.0,0.0,0.0,0.0,0.0,0.0,0.0,0.0,0.0,0.0,0.0,0.0,90.8250315,90.8250315,2525.0,999.0,0.0,0.0,0.0,0.0,0.0,0.0,0.0,0.0,0.0,0.0,0.0,0.0,0.0,0.0,0.0
21,689.0,1.0,4.0,1.0,3.0,197.09737943279688,0.0,0.0,0.0,0.0,0.0,0.0,0.0,0.0,0.0,0.0,0.0,0.0,0.0,0.0,0.0,0.0,0.0,0.0,0.0,0.0,0.0,0.0,0.0,0.0,0.0,0.0,0.0,0.0,0.0,0.0,0.0,0.0,2519.0,3800.0,0.24765855372767778,0.17165551407520763,0.19879655649431777,0.1663056695127031,4.0,0.0,0.0,3.0,0.0,0.0,0.09240675647894674,0.7614528238598197,0.3798055225104747,0.2283014542102154,0.7215165221301164,0.45954344433289057,0.1023490985505458,0.4206634500243669,0.23163823215630863,0.4322747957836424,0.4680081637888449,0.4501136351480988,0.8175436564250039,0.8227748335411396,0.8201750517310048,0.2104185759570745,0.7090184367535045,0.44274468087691793,0.21949510738274342,0.30231388228850287,0.2593781066187575,0.5095931945022548,0.5921303489034627,0.5509560082483435,0.13739531673360156,0.36023245774213625,0.23309239028537904,0.09595225264957605,0.7541627545349311,0.37893962683506816,0.0,0.13363033743802974,0.42125076938774886,0.2051032991651232,0.18142102402823793,27.853732247185675,35.890144151414006,34.92711651925886,26.508510126521383,31.438948681500392,27.741892750449463,37.302340814286204,0.0,0.0,0.0,0.0,0.0,0.0,2867.41991244302,46.891135854304515,0.0,0.20640394336397605,1.0,0.0,0.0,0.0,1.0,1.0,0.0,0.0,0.0,1.0,2249.0,2249.0,2249.0,2249.0,2249.0,2249.0,2249.0,2249.0,71.11491865,71.11491865,0.246933685,7.515889699,1.0,1.0,1.0,1.0,1.0,1.0,1.0,1.0,1.0,1.0,0.0,0.0,0.0,0.0,0.0,0.0,0.0,0.0,0.0,0.0,0.0,0.0,0.0,0.0,0.0,0.0,0.0,0.0,0.0,0.0,0.0,999.0,999.0,10968.0,999.0,0.0,0.0,0.0,0.0,0.0,1.0,1.0,1.0,1.0,1.0,1.0,1.0,1.0,1.0,1.0
22,649.0,1.0,6.0,1.0,6.0,197.09737943279688,1.0,4.0,1.0,2.0,0.0,0.0,0.0,0.0,0.0,0.0,0.0,0.0,0.0,0.0,0.0,0.0,1.0,3.0,1.0,1.0,0.0,0.0,0.0,0.0,0.0,0.0,0.0,0.0,1.0,1.0,1.0,1.0,14924.0,25751.0,0.1684,0.1184,0.1684,0.1684,12.0,0.0,0.0,8.0,0.0,5500.0,0.0,0.0,0.0,0.0,0.0,0.0,0.1023490985505458,0.4206634500243669,0.23163823215630863,0.4322747957836424,0.4680081637888449,0.4501136351480988,0.8175436564250039,0.8227748335411396,0.8201750517310048,0.0,0.0,0.0,0.21949510738274342,0.30231388228850287,0.2593781066187575,0.5095931945022548,0.5921303489034627,0.5509560082483435,0.13739531673360156,0.36023245774213625,0.23309239028537904,0.0,0.0,0.0,0.0,0.13363033743802974,0.0,0.1434,0.1684,27.853732247185675,35.890144151414006,34.92711651925886,26.508510126521383,31.438948681500392,27.741892750449463,37.302340814286204,0.0,0.0,0.0,0.0,0.0,0.0,2867.41991244302,46.891135854304515,0.0,0.20640394336397605,0.0,0.0,0.0,0.0,0.0,0.0,0.0,0.0,0.0,0.0,0.0,904.9545513924352,0.0,1028.5906851591715,905.0711952971914,1028.5946817561285,0.0,0.0,999.0,999.0,5.807379853,5.656740847260462,2.0,0.0,0.0,1.0,1.0,0.0,0.0,0.0,0.0,0.0,1.0,0.0,0.0,0.0,0.0,0.0,0.0,0.0,0.0,0.0,0.0,0.0,0.0,0.0,0.0,0.0,0.0,0.0,0.0,0.0,0.0,999.0,999.0,2174.0,999.0,1.0,0.0,0.0,1.0,1.0,1.0,0.0,0.0,0.0,0.0,2.0,0.0,0.0,1.0,1.0
23,749.0,1.0,30.0,1.0,21.0,197.09737943279688,1.0,14.0,1.0,4.0,0.0,0.0,0.0,0.0,0.0,0.0,0.0,0.0,1.0,6.0,1.0,3.0,1.0,1.0,0.0,0.0,0.0,0.0,0.0,0.0,1.0,1.0,1.0,1.0,1.0,12.0,1.0,3.0,676188.0,297318.0,0.24765855372767778,0.17165551407520763,0.19879655649431777,0.1663056695127031,61.0,1.0,4.0,33.0,39904.0,191174.0,0.0,0.706095238,0.164356111,0.0,0.7017,0.161314187,0.0,0.706095238,0.23536507899999998,0.4322747957836424,0.4680081637888449,0.4501136351480988,0.8175436564250039,0.8227748335411396,0.8201750517310048,0.0,0.706095238,0.20154305600000003,0.21949510738274342,0.30231388228850287,0.2593781066187575,0.062433333,0.062433333,0.062433333,0.0,0.0,0.0,0.0,0.706095238,0.164356111,0.0,0.13363033743802974,0.208731313,0.2051032991651232,0.18142102402823793,27.853732247185675,35.890144151414006,34.92711651925886,26.508510126521383,31.438948681500392,27.741892750449463,37.302340814286204,0.0,0.0,0.0,0.0,0.0,0.0,2867.41991244302,46.891135854304515,0.0,0.0,0.0,0.0,0.0,0.0,0.0,0.0,0.0,0.0,0.0,0.0,0.0,904.9545513924352,0.0,1028.5906851591715,905.0711952971914,1028.5946817561285,0.0,0.0,999.0,999.0,0.56104213,17.07636918,5.0,1.0,1.0,1.0,3.0,1.0,1.0,1.0,1.0,1.0,2.0,0.0,0.0,0.0,1.0,0.0,0.0,0.0,0.0,0.0,0.0,0.0,0.0,0.0,0.0,0.0,0.0,0.0,0.0,0.0,0.0,999.0,999.0,7322.0,999.0,0.0,0.0,0.0,0.0,0.0,3.0,1.0,1.0,1.0,2.0,3.0,1.0,1.0,1.0,2.0
24,738.0,1.0,2.0,1.0,2.0,197.09737943279688,1.0,4.0,1.0,1.0,0.0,0.0,0.0,0.0,0.0,0.0,0.0,0.0,1.0,3.0,1.0,1.0,0.0,0.0,0.0,0.0,1.0,1.0,0.0,0.0,0.0,0.0,0.0,0.0,1.0,2.0,1.0,1.0,103700.0,19500.0,0.24765855372767778,0.17165551407520763,0.19879655649431777,0.1663056695127031,15.0,1.0,3.0,7.0,2037.0,13000.0,0.0,0.8109999999999999,0.26028,0.0,0.4904,0.2452,0.0,0.8109999999999999,0.270333333,0.4322747957836424,0.4680081637888449,0.4501136351480988,0.8175436564250039,0.8227748335411396,0.8201750517310048,0.0,0.8109999999999999,0.4338,0.0,0.0,0.0,0.5095931945022548,0.5921303489034627,0.5509560082483435,0.13739531673360156,0.36023245774213625,0.23309239028537904,0.0,0.8109999999999999,0.26028,1.0,0.0804,0.156692308,0.2051032991651232,0.18142102402823793,17.0,17.0,17.0,26.508510126521383,31.438948681500392,27.741892750449463,37.302340814286204,0.0,0.0,0.0,3.0,0.0,0.0,714.0,18.0,1.0,1.0,0.0,0.0,0.0,0.0,0.0,0.0,0.0,0.0,0.0,0.0,0.0,904.9545513924352,0.0,1028.5906851591715,905.0711952971914,1028.5946817561285,0.0,0.0,999.0,999.0,0.44371733700000004,13.50536913,7.0,1.0,1.0,1.0,1.0,0.0,0.0,0.0,0.0,0.0,1.0,0.0,0.0,0.0,0.0,0.0,0.0,0.0,0.0,0.0,0.0,0.0,0.0,0.0,0.0,0.0,0.0,0.0,0.0,0.0,0.0,999.0,999.0,2208.0,999.0,1.0,1.0,1.0,1.0,1.0,1.0,0.0,0.0,0.0,0.0,2.0,1.0,1.0,1.0,1.0
25,664.0,1.0,5.0,1.0,5.0,197.09737943279688,1.0,1.0,1.0,1.0,0.0,0.0,0.0,0.0,0.0,0.0,0.0,0.0,0.0,0.0,0.0,0.0,0.0,0.0,0.0,0.0,0.0,0.0,0.0,0.0,0.0,0.0,0.0,0.0,1.0,1.0,1.0,1.0,20014.0,5800.0,0.24765855372767778,0.17165551407520763,0.19879655649431777,0.1663056695127031,6.0,0.0,0.0,6.0,475.0,2000.0,0.2375,0.2375,0.2375,0.2375,0.2375,0.2375,0.1023490985505458,0.4206634500243669,0.23163823215630863,0.4322747957836424,0.4680081637888449,0.4501136351480988,0.8175436564250039,0.8227748335411396,0.8201750517310048,0.2375,0.2375,0.2375,0.21949510738274342,0.30231388228850287,0.2593781066187575,0.5095931945022548,0.5921303489034627,0.5509560082483435,0.13739531673360156,0.36023245774213625,0.23309239028537904,0.2375,0.2375,0.2375,0.0,0.13363033743802974,0.2375,0.2051032991651232,0.18142102402823793,27.853732247185675,35.890144151414006,34.92711651925886,26.508510126521383,31.438948681500392,27.741892750449463,37.302340814286204,0.0,0.0,0.0,0.0,0.0,0.0,2867.41991244302,46.891135854304515,0.0,0.20640394336397605,6.0,0.0,1.0,5.0,5.0,0.0,0.0,0.0,0.0,0.0,2054.0,1058.0,0.0,1028.5906851591715,1058.0,1028.5946817561285,2562.0,0.0,11.37253314,999.0,999.0,5.656740847260462,0.0,0.0,0.0,0.0,0.0,0.0,0.0,0.0,0.0,0.0,0.0,0.0,0.0,0.0,0.0,0.0,0.0,0.0,0.0,0.0,0.0,0.0,0.0,0.0,0.0,0.0,0.0,0.0,0.0,0.0,0.0,999.0,999.0,1795.0,999.0,0.0,0.0,0.0,0.0,0.0,0.0,0.0,0.0,0.0,0.0,0.0,0.0,0.0,0.0,0.0
26,653.0,1.0,3.0,1.0,3.0,197.09737943279688,0.0,0.0,0.0,0.0,0.0,0.0,0.0,0.0,0.0,0.0,0.0,0.0,0.0,0.0,0.0,0.0,0.0,0.0,0.0,0.0,0.0,0.0,0.0,0.0,0.0,0.0,0.0,0.0,0.0,0.0,0.0,0.0,11820.0,17674.0,0.24765855372767778,0.17165551407520763,0.19879655649431777,0.1663056695127031,9.0,1.0,5.0,8.0,10880.0,16050.0,0.0,0.8773333329999999,0.521440476,0.316,0.8773333329999999,0.669277778,0.0,0.84625,0.4105625,0.4322747957836424,0.4680081637888449,0.4501136351480988,0.8175436564250039,0.8227748335411396,0.8201750517310048,0.316,0.8773333329999999,0.669277778,0.21949510738274342,0.30231388228850287,0.2593781066187575,0.5095931945022548,0.5921303489034627,0.5509560082483435,0.0,0.84625,0.4105625,0.0,0.8773333329999999,0.521440476,3.0,0.13363033743802974,0.67788162,0.2051032991651232,0.18142102402823793,27.853732247185675,35.890144151414006,34.92711651925886,26.508510126521383,31.438948681500392,27.741892750449463,37.302340814286204,0.0,0.0,0.0,0.0,0.0,0.0,2867.41991244302,46.891135854304515,0.0,0.20640394336397605,2.0,0.0,0.0,2.0,2.0,0.0,0.0,0.0,0.0,0.0,340.0,229.0,0.0,1028.5906851591715,229.0,1028.5946817561285,301.0,0.0,22.83155544,999.0,23.324378699999997,5.656740847260462,1.0,0.0,0.0,0.0,0.0,1.0,0.0,0.0,0.0,0.0,0.0,0.0,0.0,0.0,0.0,1.0,0.0,0.0,0.0,1.0,0.0,0.0,0.0,0.0,0.0,0.0,0.0,0.0,0.0,0.0,0.0,110.02841780000001,110.02841780000001,8993.0,999.0,0.0,0.0,0.0,0.0,0.0,1.0,0.0,0.0,0.0,0.0,1.0,0.0,0.0,0.0,0.0
27,655.0,1.0,5.0,1.0,2.0,197.09737943279688,1.0,27.0,1.0,5.0,1.0,1.0,0.0,0.0,0.0,0.0,0.0,0.0,1.0,4.0,1.0,1.0,1.0,7.0,1.0,1.0,0.0,0.0,0.0,0.0,1.0,7.0,1.0,1.0,1.0,9.0,0.0,0.0,283924.0,84010.0,0.2317,0.1264,0.1264,0.1264,56.0,1.0,11.0,19.0,1402.0,17400.0,0.0,0.20456140399999997,0.057230822,0.0,0.0,0.0,0.0,0.20456140399999997,0.06867698700000001,0.4322747957836424,0.4680081637888449,0.4501136351480988,0.8175436564250039,0.8227748335411396,0.8201750517310048,0.0,0.0,0.0,0.0,0.0,0.0,0.5095931945022548,0.5921303489034627,0.5509560082483435,0.0,0.138823529,0.069411765,0.0,0.20456140399999997,0.057230822,0.0,0.13363033743802974,0.08057471299999999,0.17905,0.1264,23.0,35.890144151414006,72.0,23.0,36.0,27.741892750449463,37.302340814286204,0.0,0.0,0.0,10.0,1.0,1402.0,189.0,24.0,7.0,1.0,2.0,0.0,0.0,2.0,0.0,2.0,0.0,0.0,2.0,0.0,0.0,0.0,0.0,0.0,0.0,0.0,348.0,348.0,14.89330408,14.89330408,0.141461129,4.3056346880000005,14.0,1.0,1.0,1.0,9.0,4.0,0.0,0.0,0.0,3.0,1.0,0.0,0.0,0.0,0.0,0.0,0.0,0.0,0.0,0.0,0.0,0.0,0.0,0.0,0.0,0.0,0.0,0.0,0.0,0.0,0.0,999.0,999.0,11389.0,999.0,1.0,0.0,0.0,0.0,0.0,5.0,0.0,0.0,0.0,3.0,6.0,0.0,0.0,0.0,3.0
28,674.0,1.0,8.0,1.0,8.0,197.09737943279688,1.0,1.0,1.0,1.0,0.0,0.0,0.0,0.0,0.0,0.0,0.0,0.0,0.0,0.0,0.0,0.0,1.0,1.0,1.0,1.0,0.0,0.0,0.0,0.0,0.0,0.0,0.0,0.0,0.0,0.0,0.0,0.0,9796.0,25300.0,0.2297,0.2297,0.2297,0.2297,10.0,1.0,1.0,10.0,4712.0,7600.0,0.0,0.826,0.392336058,0.0,0.826,0.344392068,0.68,0.68,0.68,0.4322747957836424,0.4680081637888449,0.4501136351480988,0.8175436564250039,0.8227748335411396,0.8201750517310048,0.0,0.826,0.344392068,0.21949510738274342,0.30231388228850287,0.2593781066187575,0.5095931945022548,0.5921303489034627,0.5509560082483435,0.13739531673360156,0.36023245774213625,0.23309239028537904,0.0,0.826,0.392336058,1.0,0.13363033743802974,0.62,0.2297,0.2297,27.853732247185675,35.890144151414006,34.92711651925886,26.508510126521383,31.438948681500392,27.741892750449463,37.302340814286204,0.0,0.0,0.0,0.0,0.0,0.0,2867.41991244302,46.891135854304515,0.0,0.20640394336397605,1.0,0.0,0.0,1.0,0.0,0.0,0.0,0.0,0.0,0.0,51.0,51.0,0.0,1028.5906851591715,51.0,1028.5946817561285,51.0,0.0,29.88166854,999.0,0.049433791,1.5046101040000002,5.0,1.0,1.0,1.0,2.0,2.0,1.0,1.0,1.0,1.0,1.0,0.0,0.0,0.0,0.0,0.0,0.0,0.0,0.0,0.0,0.0,0.0,0.0,0.0,0.0,0.0,0.0,0.0,0.0,0.0,0.0,999.0,999.0,11102.0,999.0,0.0,0.0,0.0,0.0,0.0,3.0,1.0,1.0,1.0,1.0,3.0,1.0,1.0,1.0,1.0
29,675.0,1.0,3.0,1.0,2.0,197.09737943279688,1.0,10.0,0.0,0.0,0.0,0.0,0.0,0.0,0.0,0.0,0.0,0.0,1.0,2.0,1.0,1.0,0.0,0.0,0.0,0.0,0.0,0.0,0.0,0.0,1.0,9.0,0.0,0.0,1.0,1.0,0.0,0.0,301767.0,26300.0,0.24765855372767778,0.17165551407520763,0.19879655649431777,0.1663056695127031,16.0,0.0,0.0,3.0,7628.0,9800.0,0.778367347,0.778367347,0.778367347,0.778367347,0.778367347,0.778367347,0.1023490985505458,0.4206634500243669,0.23163823215630863,0.4322747957836424,0.4680081637888449,0.4501136351480988,0.8175436564250039,0.8227748335411396,0.8201750517310048,0.778367347,0.778367347,0.778367347,0.21949510738274342,0.30231388228850287,0.2593781066187575,0.5095931945022548,0.5921303489034627,0.5509560082483435,0.13739531673360156,0.36023245774213625,0.23309239028537904,0.778367347,0.778367347,0.778367347,1.0,0.0839,0.778367347,0.2051032991651232,0.18142102402823793,27.853732247185675,35.890144151414006,34.92711651925886,26.508510126521383,31.438948681500392,27.741892750449463,37.302340814286204,0.0,0.0,0.0,0.0,0.0,0.0,2867.41991244302,46.891135854304515,0.0,0.20640394336397605,0.0,0.0,0.0,0.0,0.0,0.0,0.0,0.0,0.0,0.0,0.0,904.9545513924352,0.0,1028.5906851591715,905.0711952971914,1028.5946817561285,0.0,0.0,999.0,999.0,0.651945235,19.84317561,8.0,2.0,2.0,2.0,3.0,2.0,2.0,2.0,2.0,2.0,1.0,0.0,0.0,0.0,0.0,0.0,0.0,0.0,0.0,0.0,0.0,0.0,0.0,0.0,0.0,0.0,0.0,0.0,0.0,0.0,0.0,999.0,999.0,4934.0,999.0,0.0,0.0,0.0,0.0,0.0,3.0,2.0,2.0,2.0,2.0,3.0,2.0,2.0,2.0,2.0
30,699.0,1.0,3.0,1.0,1.0,197.09737943279688,1.0,10.0,1.0,2.0,1.0,1.0,0.0,0.0,0.0,0.0,0.0,0.0,1.0,1.0,1.0,1.0,1.0,5.0,0.0,0.0,0.0,0.0,0.0,0.0,1.0,1.0,1.0,1.0,1.0,4.0,1.0,1.0,325173.0,39900.0,0.3386,0.2086,0.19879655649431777,0.1663056695127031,16.0,0.0,0.0,4.0,0.0,0.0,0.09240675647894674,0.7614528238598197,0.3798055225104747,0.2283014542102154,0.7215165221301164,0.45954344433289057,0.1023490985505458,0.4206634500243669,0.23163823215630863,0.4322747957836424,0.4680081637888449,0.4501136351480988,0.8175436564250039,0.8227748335411396,0.8201750517310048,0.2104185759570745,0.7090184367535045,0.44274468087691793,0.21949510738274342,0.30231388228850287,0.2593781066187575,0.5095931945022548,0.5921303489034627,0.5509560082483435,0.13739531673360156,0.36023245774213625,0.23309239028537904,0.09595225264957605,0.7541627545349311,0.37893962683506816,0.0,0.0972,0.42125076938774886,0.2736,0.18142102402823793,27.853732247185675,35.890144151414006,34.92711651925886,26.508510126521383,31.438948681500392,27.741892750449463,37.302340814286204,0.0,0.0,0.0,0.0,0.0,0.0,2867.41991244302,46.891135854304515,0.0,0.20640394336397605,1.0,0.0,0.0,1.0,0.0,0.0,0.0,0.0,0.0,0.0,0.0,0.0,0.0,1028.5906851591715,0.0,1028.5946817561285,1730.0,0.0,21.97417945,999.0,0.9470536359999999,28.82535313,6.0,3.0,3.0,3.0,5.0,1.0,0.0,0.0,0.0,1.0,0.0,0.0,0.0,0.0,0.0,1.0,0.0,0.0,1.0,1.0,0.0,0.0,1.0,0.0,0.0,0.0,0.0,0.0,0.0,0.0,0.0,38.33591172,38.33591172,7452.0,999.0,4.0,3.0,3.0,3.0,4.0,1.0,0.0,0.0,0.0,1.0,5.0,3.0,3.0,3.0,5.0
31,663.0,1.0,2.0,1.0,1.0,197.09737943279688,1.0,14.0,1.0,4.0,0.0,0.0,0.0,0.0,0.0,0.0,0.0,0.0,1.0,4.0,1.0,2.0,1.0,3.0,1.0,1.0,0.0,0.0,0.0,0.0,1.0,1.0,1.0,1.0,1.0,10.0,1.0,2.0,600014.0,35154.0,0.1348,0.1348,0.1348,0.1348,27.0,1.0,4.0,11.0,26723.0,31930.0,0.13658536599999999,1.0,0.733312671,0.97672,0.97672,0.97672,0.13658536599999999,1.0,0.6724608390000001,0.4322747957836424,0.4680081637888449,0.4501136351480988,0.8175436564250039,0.8227748335411396,0.8201750517310048,0.97672,0.97672,0.97672,0.619166667,0.619166667,0.619166667,0.5095931945022548,0.5921303489034627,0.5509560082483435,0.13658536599999999,1.0,0.571126016,0.13658536599999999,1.0,0.733312671,3.0,0.13363033743802974,0.836924522,0.1348,0.1348,27.853732247185675,35.890144151414006,34.92711651925886,26.508510126521383,31.438948681500392,27.741892750449463,37.302340814286204,0.0,0.0,0.0,0.0,0.0,0.0,2867.41991244302,46.891135854304515,0.0,0.20640394336397605,0.0,0.0,0.0,0.0,0.0,0.0,0.0,0.0,0.0,0.0,0.0,904.9545513924352,0.0,1028.5906851591715,905.0711952971914,1028.5946817561285,0.0,0.0,999.0,999.0,18.44355224,5.656740847260462,4.0,0.0,0.0,0.0,0.0,1.0,0.0,0.0,0.0,0.0,2.0,0.0,0.0,0.0,0.0,0.0,0.0,0.0,0.0,0.0,0.0,0.0,0.0,0.0,0.0,0.0,0.0,0.0,0.0,0.0,0.0,999.0,999.0,5643.0,999.0,0.0,0.0,0.0,0.0,0.0,3.0,0.0,0.0,0.0,0.0,3.0,0.0,0.0,0.0,0.0
32,687.0,1.0,5.0,1.0,3.0,197.09737943279688,1.0,5.0,0.0,0.0,0.0,0.0,0.0,0.0,0.0,0.0,0.0,0.0,0.0,0.0,0.0,0.0,0.0,0.0,0.0,0.0,0.0,0.0,0.0,0.0,0.0,0.0,0.0,0.0,1.0,3.0,0.0,0.0,5931.0,27900.0,0.24765855372767778,0.17165551407520763,0.19879655649431777,0.1663056695127031,12.0,1.0,2.0,5.0,771.0,1000.0,0.7709999999999999,0.7709999999999999,0.7709999999999999,0.7709999999999999,0.7709999999999999,0.7709999999999999,0.1023490985505458,0.4206634500243669,0.23163823215630863,0.4322747957836424,0.4680081637888449,0.4501136351480988,0.8175436564250039,0.8227748335411396,0.8201750517310048,0.7709999999999999,0.7709999999999999,0.7709999999999999,0.21949510738274342,0.30231388228850287,0.2593781066187575,0.5095931945022548,0.5921303489034627,0.5509560082483435,0.13739531673360156,0.36023245774213625,0.23309239028537904,0.7709999999999999,0.7709999999999999,0.7709999999999999,1.0,0.13363033743802974,0.7709999999999999,0.2051032991651232,0.18142102402823793,47.0,35.890144151414006,34.92711651925886,26.508510126521383,31.438948681500392,47.0,37.302340814286204,0.0,0.0,0.0,0.0,0.0,3176.0,895.0,50.0,1.0,1.0,2.0,0.0,0.0,0.0,2.0,2.0,0.0,0.0,0.0,2.0,143554.0,113635.0,143554.0,113635.0,113635.0,113635.0,106045.0,106045.0,71.21601055,71.21601055,0.44659023200000003,13.59281108,1.0,1.0,1.0,1.0,1.0,1.0,1.0,1.0,1.0,1.0,0.0,0.0,0.0,0.0,0.0,1.0,1.0,1.0,1.0,1.0,1.0,1.0,1.0,29201.0,29201.0,29201.0,29201.0,29201.0,29201.0,29201.0,29201.0,4.750580047,4.750580047,10037.0,999.0,0.0,0.0,0.0,0.0,0.0,1.0,1.0,1.0,1.0,1.0,1.0,1.0,1.0,1.0,1.0
33,801.0,1.0,13.0,1.0,4.0,197.09737943279688,1.0,5.0,1.0,2.0,0.0,0.0,0.0,0.0,0.0,0.0,0.0,0.0,1.0,2.0,1.0,1.0,0.0,0.0,0.0,0.0,0.0,0.0,0.0,0.0,0.0,0.0,0.0,0.0,1.0,2.0,1.0,1.0,151392.0,115025.0,0.24765855372767778,0.17165551407520763,0.19879655649431777,0.1663056695127031,31.0,1.0,6.0,13.0,1613.0,43000.0,0.0,0.2296,0.052331184,0.0,0.0246875,0.010685307,0.0,0.2296,0.1148,0.4322747957836424,0.4680081637888449,0.4501136351480988,0.8175436564250039,0.8227748335411396,0.8201750517310048,0.0,0.0246875,0.010685307,0.0,0.0,0.0,0.5095931945022548,0.5921303489034627,0.5509560082483435,0.2296,0.2296,0.2296,0.0,0.2296,0.052331184,0.0,0.13363033743802974,0.037511628,0.2051032991651232,0.18142102402823793,31.0,35.890144151414006,34.92711651925886,31.0,31.438948681500392,27.741892750449463,37.302340814286204,0.0,0.0,0.0,0.0,0.0,102.0,2867.41991244302,46.891135854304515,1.0,1.0,0.0,0.0,0.0,0.0,0.0,0.0,0.0,0.0,0.0,0.0,0.0,904.9545513924352,0.0,1028.5906851591715,905.0711952971914,1028.5946817561285,0.0,0.0,999.0,999.0,0.26844099899999996,8.170505127,1.0,1.0,1.0,1.0,1.0,1.0,1.0,1.0,1.0,1.0,0.0,0.0,0.0,0.0,0.0,0.0,0.0,0.0,0.0,0.0,0.0,0.0,0.0,0.0,0.0,0.0,0.0,0.0,0.0,0.0,0.0,999.0,999.0,7075.0,999.0,0.0,0.0,0.0,0.0,0.0,1.0,1.0,1.0,1.0,1.0,1.0,1.0,1.0,1.0,1.0
34,618.0,1.0,10.0,1.0,5.0,197.09737943279688,1.0,10.0,1.0,6.0,1.0,1.0,1.0,1.0,0.0,0.0,0.0,0.0,1.0,2.0,1.0,2.0,1.0,2.0,1.0,2.0,1.0,1.0,0.0,0.0,0.0,0.0,0.0,0.0,1.0,7.0,1.0,4.0,909830.0,82485.0,0.1588,0.1343,0.1588,0.1343,25.0,0.0,0.0,14.0,25391.0,26300.0,0.11875,0.9987741940000001,0.699674731,0.11875,0.9987741940000001,0.699674731,0.1023490985505458,0.4206634500243669,0.23163823215630863,0.9458,0.9458,0.9458,0.8175436564250039,0.8227748335411396,0.8201750517310048,0.11875,0.9987741940000001,0.699674731,0.21949510738274342,0.30231388228850287,0.2593781066187575,0.5095931945022548,0.5921303489034627,0.5509560082483435,0.13739531673360156,0.36023245774213625,0.23309239028537904,0.11875,0.9987741940000001,0.699674731,2.0,0.1343,0.965437262,0.14655,0.14655,30.0,35.890144151414006,34.92711651925886,26.508510126521383,30.0,27.741892750449463,37.302340814286204,0.0,0.0,0.0,0.0,0.0,300663.0,13802.0,34.0,1.0,1.0,1.0,0.0,1.0,0.0,1.0,0.0,0.0,0.0,0.0,0.0,456.0,456.0,0.0,1028.5906851591715,456.0,1028.5946817561285,456.0,0.0,10.63446323,999.0,0.153755212,4.67982816,9.0,3.0,3.0,4.0,6.0,1.0,0.0,0.0,1.0,1.0,2.0,0.0,0.0,0.0,1.0,0.0,0.0,0.0,0.0,0.0,0.0,0.0,0.0,0.0,0.0,0.0,0.0,0.0,0.0,0.0,0.0,999.0,999.0,4726.0,999.0,5.0,2.0,2.0,2.0,3.0,3.0,0.0,0.0,1.0,2.0,8.0,2.0,2.0,3.0,5.0
35,816.0,1.0,7.0,1.0,5.0,197.09737943279688,1.0,7.0,1.0,1.0,0.0,0.0,0.0,0.0,0.0,0.0,0.0,0.0,1.0,5.0,1.0,1.0,1.0,1.0,0.0,0.0,0.0,0.0,0.0,0.0,0.0,0.0,0.0,0.0,1.0,4.0,1.0,1.0,169433.0,70774.0,0.0943,0.0943,0.19879655649431777,0.1663056695127031,24.0,1.0,2.0,9.0,455.0,57000.0,0.0,0.046857143,0.013620635,0.0,0.033,0.008716666999999999,0.0,0.046857143,0.023428571000000002,0.4322747957836424,0.4680081637888449,0.4501136351480988,0.8175436564250039,0.8227748335411396,0.8201750517310048,0.0,0.033,0.008716666999999999,0.0,0.0,0.0,0.5095931945022548,0.5921303489034627,0.5509560082483435,0.13739531673360156,0.36023245774213625,0.23309239028537904,0.0,0.046857143,0.013620635,0.0,0.13363033743802974,0.007982456,0.0943,0.18142102402823793,27.853732247185675,35.890144151414006,34.92711651925886,26.508510126521383,31.438948681500392,27.741892750449463,37.302340814286204,0.0,0.0,0.0,0.0,0.0,0.0,2867.41991244302,46.891135854304515,0.0,0.20640394336397605,0.0,0.0,0.0,0.0,0.0,0.0,0.0,0.0,0.0,0.0,0.0,904.9545513924352,0.0,1028.5906851591715,905.0711952971914,1028.5946817561285,0.0,0.0,999.0,999.0,0.435252189,13.24771647,4.0,3.0,3.0,3.0,3.0,0.0,0.0,0.0,0.0,0.0,0.0,0.0,0.0,0.0,0.0,0.0,0.0,0.0,0.0,0.0,0.0,0.0,0.0,0.0,0.0,0.0,0.0,0.0,0.0,0.0,0.0,999.0,999.0,5176.0,999.0,2.0,2.0,2.0,2.0,2.0,0.0,0.0,0.0,0.0,0.0,2.0,2.0,2.0,2.0,2.0
36,812.0,1.0,4.0,1.0,3.0,197.09737943279688,1.0,4.0,1.0,1.0,0.0,0.0,0.0,0.0,0.0,0.0,0.0,0.0,1.0,4.0,1.0,1.0,1.0,2.0,0.0,0.0,0.0,0.0,0.0,0.0,0.0,0.0,0.0,0.0,1.0,2.0,1.0,1.0,80796.0,76674.0,0.1405,0.1151,0.19879655649431777,0.1663056695127031,20.0,1.0,4.0,9.0,6056.0,58524.0,0.0,0.447692308,0.09366627699999999,0.0,0.447692308,0.15227838800000001,0.0,0.1015625,0.035054167000000004,0.4322747957836424,0.4680081637888449,0.4501136351480988,0.8175436564250039,0.8227748335411396,0.8201750517310048,0.0,0.447692308,0.15227838800000001,0.21949510738274342,0.30231388228850287,0.2593781066187575,0.5095931945022548,0.5921303489034627,0.5509560082483435,0.13739531673360156,0.36023245774213625,0.23309239028537904,0.0,0.447692308,0.09366627699999999,0.0,0.0463,0.103478915,0.1278,0.18142102402823793,27.853732247185675,35.890144151414006,34.92711651925886,26.508510126521383,31.438948681500392,27.741892750449463,37.302340814286204,0.0,0.0,0.0,0.0,0.0,0.0,2867.41991244302,46.891135854304515,0.0,0.20640394336397605,0.0,0.0,0.0,0.0,0.0,0.0,0.0,0.0,0.0,0.0,0.0,904.9545513924352,0.0,1028.5906851591715,905.0711952971914,1028.5946817561285,0.0,0.0,999.0,999.0,14.92700228,5.656740847260462,3.0,0.0,0.0,0.0,0.0,1.0,0.0,0.0,0.0,0.0,1.0,0.0,0.0,0.0,0.0,0.0,0.0,0.0,0.0,0.0,0.0,0.0,0.0,0.0,0.0,0.0,0.0,0.0,0.0,0.0,0.0,999.0,999.0,6646.0,999.0,0.0,0.0,0.0,0.0,0.0,2.0,0.0,0.0,0.0,0.0,2.0,0.0,0.0,0.0,0.0
37,726.0,1.0,3.0,1.0,2.0,197.09737943279688,1.0,2.0,1.0,1.0,0.0,0.0,0.0,0.0,0.0,0.0,0.0,0.0,0.0,0.0,0.0,0.0,0.0,0.0,0.0,0.0,0.0,0.0,0.0,0.0,0.0,0.0,0.0,0.0,1.0,2.0,1.0,1.0,36974.0,7600.0,0.24765855372767778,0.17165551407520763,0.19879655649431777,0.1663056695127031,8.0,1.0,3.0,6.0,2336.0,6600.0,0.0,0.5695,0.152566667,0.0,0.193333333,0.096666667,0.0,0.5695,0.18983333300000002,0.4322747957836424,0.4680081637888449,0.4501136351480988,0.8175436564250039,0.8227748335411396,0.8201750517310048,0.0,0.193333333,0.096666667,0.21949510738274342,0.30231388228850287,0.2593781066187575,0.5095931945022548,0.5921303489034627,0.5509560082483435,0.0,0.0,0.0,0.0,0.5695,0.152566667,0.0,0.13363033743802974,0.35393939399999996,0.2051032991651232,0.18142102402823793,27.853732247185675,35.890144151414006,34.92711651925886,26.508510126521383,31.438948681500392,27.741892750449463,37.302340814286204,0.0,0.0,0.0,0.0,0.0,0.0,2867.41991244302,46.891135854304515,0.0,0.20640394336397605,0.0,0.0,0.0,0.0,0.0,0.0,0.0,0.0,0.0,0.0,0.0,904.9545513924352,0.0,1028.5906851591715,905.0711952971914,1028.5946817561285,0.0,0.0,999.0,999.0,0.02809395,0.855092049,9.0,2.0,2.0,2.0,3.0,6.0,2.0,2.0,2.0,3.0,2.0,0.0,0.0,0.0,0.0,0.0,0.0,0.0,0.0,0.0,0.0,0.0,0.0,0.0,0.0,0.0,0.0,0.0,0.0,0.0,0.0,999.0,999.0,963.0,999.0,0.0,0.0,0.0,0.0,0.0,8.0,2.0,2.0,2.0,3.0,8.0,2.0,2.0,2.0,3.0
38,835.0,1.0,15.0,1.0,9.0,197.09737943279688,1.0,4.0,0.0,0.0,0.0,0.0,0.0,0.0,0.0,0.0,0.0,0.0,1.0,4.0,0.0,0.0,0.0,0.0,0.0,0.0,0.0,0.0,0.0,0.0,1.0,3.0,0.0,0.0,0.0,0.0,0.0,0.0,564.0,292024.0,0.24765855372767778,0.17165551407520763,0.19879655649431777,0.1663056695127031,28.0,0.0,0.0,9.0,564.0,60000.0,0.0,0.188,0.047,0.0,0.188,0.047,0.1023490985505458,0.4206634500243669,0.23163823215630863,0.4322747957836424,0.4680081637888449,0.4501136351480988,0.8175436564250039,0.8227748335411396,0.8201750517310048,0.0,0.188,0.047,0.21949510738274342,0.30231388228850287,0.2593781066187575,0.5095931945022548,0.5921303489034627,0.5509560082483435,0.13739531673360156,0.36023245774213625,0.23309239028537904,0.0,0.188,0.047,0.0,0.13363033743802974,0.0094,0.2051032991651232,0.18142102402823793,27.853732247185675,35.890144151414006,34.92711651925886,26.508510126521383,31.438948681500392,27.741892750449463,37.302340814286204,0.0,0.0,0.0,0.0,0.0,0.0,2867.41991244302,46.891135854304515,0.0,0.20640394336397605,0.0,0.0,0.0,0.0,0.0,0.0,0.0,0.0,0.0,0.0,0.0,904.9545513924352,0.0,1028.5906851591715,905.0711952971914,1028.5946817561285,0.0,0.0,999.0,999.0,0.015635586,0.47589838,3.0,1.0,1.0,1.0,2.0,0.0,0.0,0.0,0.0,0.0,2.0,1.0,1.0,1.0,2.0,0.0,0.0,0.0,0.0,0.0,0.0,0.0,0.0,0.0,0.0,0.0,0.0,0.0,0.0,0.0,0.0,999.0,999.0,5596.0,999.0,0.0,0.0,0.0,0.0,0.0,2.0,1.0,1.0,1.0,2.0,2.0,1.0,1.0,1.0,2.0
39,653.0,1.0,6.0,1.0,3.0,197.09737943279688,1.0,16.0,1.0,6.0,0.0,0.0,0.0,0.0,0.0,0.0,0.0,0.0,1.0,2.0,1.0,1.0,1.0,3.0,1.0,1.0,0.0,0.0,0.0,0.0,1.0,9.0,1.0,4.0,1.0,4.0,1.0,1.0,292779.0,19650.0,0.1052,0.1052,0.1052,0.1052,28.0,1.0,2.0,12.0,2376.0,7650.0,0.0,0.49742857100000004,0.218789835,0.089230769,0.49742857100000004,0.29171978,0.0,0.0,0.0,0.4322747957836424,0.4680081637888449,0.4501136351480988,0.8175436564250039,0.8227748335411396,0.8201750517310048,0.089230769,0.49742857100000004,0.29171978,0.0,0.0,0.0,0.5095931945022548,0.5921303489034627,0.5509560082483435,0.13739531673360156,0.36023245774213625,0.23309239028537904,0.0,0.49742857100000004,0.218789835,0.0,0.13363033743802974,0.310588235,0.1052,0.1052,27.0,27.0,27.0,44.0,31.438948681500392,44.0,37.302340814286204,0.0,0.0,0.0,0.0,0.0,594.0,2867.41991244302,47.0,4.0,1.0,2.0,0.0,0.0,2.0,0.0,2.0,0.0,0.0,2.0,0.0,0.0,0.0,0.0,0.0,0.0,0.0,4297.0,4297.0,55.71115865,55.71115865,7.940157191,5.656740847260462,5.0,0.0,0.0,0.0,1.0,1.0,0.0,0.0,0.0,1.0,0.0,0.0,0.0,0.0,0.0,0.0,0.0,0.0,0.0,0.0,0.0,0.0,0.0,0.0,0.0,0.0,0.0,0.0,0.0,0.0,0.0,999.0,999.0,6920.0,999.0,0.0,0.0,0.0,0.0,0.0,1.0,0.0,0.0,0.0,1.0,1.0,0.0,0.0,0.0,1.0
40,798.0,1.0,5.0,1.0,3.0,197.09737943279688,1.0,10.0,1.0,4.0,0.0,0.0,0.0,0.0,0.0,0.0,0.0,0.0,1.0,2.0,1.0,1.0,1.0,1.0,0.0,0.0,0.0,0.0,0.0,0.0,1.0,3.0,1.0,3.0,1.0,5.0,1.0,1.0,174830.0,118231.0,0.24765855372767778,0.17165551407520763,0.19879655649431777,0.1663056695127031,32.0,1.0,11.0,19.0,1445.0,41031.0,0.0,0.204029851,0.020835558,0.0,0.0,0.0,0.0,0.204029851,0.025465682000000003,0.4322747957836424,0.4680081637888449,0.4501136351480988,0.8175436564250039,0.8227748335411396,0.8201750517310048,0.0,0.0,0.0,0.0,0.0,0.0,0.5095931945022548,0.5921303489034627,0.5509560082483435,0.0,0.204029851,0.057297785,0.0,0.204029851,0.020835558,0.0,0.13363033743802974,0.035217275,0.2051032991651232,0.18142102402823793,16.0,35.890144151414006,34.92711651925886,16.0,31.438948681500392,23.0,37.302340814286204,0.0,0.0,1.0,1.0,0.0,0.0,2867.41991244302,17.0,2.0,1.0,0.0,0.0,0.0,0.0,0.0,0.0,0.0,0.0,0.0,0.0,0.0,904.9545513924352,0.0,1028.5906851591715,905.0711952971914,1028.5946817561285,0.0,0.0,999.0,999.0,999.0,5.656740847260462,0.0,0.0,0.0,0.0,0.0,0.0,0.0,0.0,0.0,0.0,0.0,0.0,0.0,0.0,0.0,0.0,0.0,0.0,0.0,0.0,0.0,0.0,0.0,0.0,0.0,0.0,0.0,0.0,0.0,0.0,0.0,999.0,999.0,10246.0,999.0,0.0,0.0,0.0,0.0,0.0,0.0,0.0,0.0,0.0,0.0,0.0,0.0,0.0,0.0,0.0
41,714.0,1.0,4.0,1.0,4.0,197.09737943279688,1.0,10.0,1.0,4.0,1.0,1.0,1.0,1.0,0.0,0.0,0.0,0.0,1.0,1.0,1.0,1.0,1.0,1.0,1.0,1.0,0.0,0.0,0.0,0.0,1.0,6.0,1.0,1.0,1.0,2.0,1.0,1.0,132038.0,44538.0,0.0812,0.0812,0.0812,0.0812,26.0,1.0,4.0,14.0,6686.0,18950.0,0.0,0.6789333329999999,0.192941429,0.0,0.052916667,0.026458332999999997,0.0,0.23285714300000002,0.116428571,0.6789333329999999,0.6789333329999999,0.6789333329999999,0.8175436564250039,0.8227748335411396,0.8201750517310048,0.0,0.052916667,0.026458332999999997,0.23285714300000002,0.23285714300000002,0.23285714300000002,0.6789333329999999,0.6789333329999999,0.6789333329999999,0.0,0.0,0.0,0.0,0.6789333329999999,0.192941429,0.0,0.0,0.35282321899999997,0.0812,0.0812,27.853732247185675,35.890144151414006,34.92711651925886,26.508510126521383,31.438948681500392,27.741892750449463,37.302340814286204,0.0,0.0,0.0,0.0,0.0,0.0,2867.41991244302,46.891135854304515,0.0,0.20640394336397605,0.0,0.0,0.0,0.0,0.0,0.0,0.0,0.0,0.0,0.0,0.0,904.9545513924352,0.0,1028.5906851591715,905.0711952971914,1028.5946817561285,0.0,0.0,999.0,999.0,999.0,5.656740847260462,0.0,0.0,0.0,0.0,0.0,0.0,0.0,0.0,0.0,0.0,0.0,0.0,0.0,0.0,0.0,0.0,0.0,0.0,0.0,0.0,0.0,0.0,0.0,0.0,0.0,0.0,0.0,0.0,0.0,0.0,0.0,999.0,999.0,5141.0,999.0,0.0,0.0,0.0,0.0,0.0,0.0,0.0,0.0,0.0,0.0,0.0,0.0,0.0,0.0,0.0
42,688.0,1.0,7.0,1.0,7.0,197.09737943279688,1.0,20.0,1.0,6.0,1.0,1.0,0.0,0.0,1.0,1.0,1.0,1.0,1.0,1.0,0.0,0.0,1.0,3.0,1.0,2.0,0.0,0.0,0.0,0.0,1.0,9.0,1.0,2.0,1.0,7.0,1.0,2.0,244172.0,302600.0,0.1191,0.0606,0.1191,0.0606,36.0,1.0,5.0,19.0,119818.0,233800.0,0.0,0.808577586,0.28114084300000003,0.0,0.808577586,0.168896264,0.1561,0.5811,0.3686,0.4322747957836424,0.4680081637888449,0.4501136351480988,0.77969,0.77969,0.77969,0.0,0.808577586,0.168896264,0.21949510738274342,0.30231388228850287,0.2593781066187575,0.5095931945022548,0.5921303489034627,0.5509560082483435,0.13739531673360156,0.36023245774213625,0.23309239028537904,0.0,0.808577586,0.218822198,2.0,0.13363033743802974,0.512480753,0.08985,0.08985,3.0,35.890144151414006,34.92711651925886,3.0,31.438948681500392,3.0,37.302340814286204,1.0,0.0,1.0,2.0,0.0,0.0,2867.41991244302,46.891135854304515,1.0,1.0,0.0,0.0,0.0,0.0,0.0,0.0,0.0,0.0,0.0,0.0,0.0,904.9545513924352,0.0,1028.5906851591715,905.0711952971914,1028.5946817561285,0.0,0.0,999.0,999.0,1.057407585,5.656740847260462,4.0,0.0,1.0,2.0,4.0,2.0,0.0,1.0,1.0,2.0,1.0,0.0,0.0,0.0,1.0,0.0,0.0,0.0,0.0,0.0,0.0,0.0,0.0,0.0,0.0,0.0,0.0,0.0,0.0,0.0,0.0,999.0,999.0,7873.0,999.0,0.0,0.0,0.0,0.0,0.0,3.0,0.0,1.0,1.0,3.0,3.0,0.0,1.0,1.0,3.0
43,665.0,1.0,3.0,1.0,3.0,197.09737943279688,1.0,4.0,1.0,3.0,0.0,0.0,0.0,0.0,0.0,0.0,0.0,0.0,0.0,0.0,0.0,0.0,0.0,0.0,0.0,0.0,0.0,0.0,0.0,0.0,1.0,4.0,1.0,3.0,0.0,0.0,0.0,0.0,14505.0,37535.0,0.24765855372767778,0.17165551407520763,0.19879655649431777,0.1663056695127031,19.0,1.0,8.0,15.0,5430.0,12800.0,0.0,0.9465,0.333458333,0.78225,0.9465,0.864375,0.0,0.0,0.0,0.4322747957836424,0.4680081637888449,0.4501136351480988,0.8175436564250039,0.8227748335411396,0.8201750517310048,0.78225,0.9465,0.864375,0.21949510738274342,0.30231388228850287,0.2593781066187575,0.5095931945022548,0.5921303489034627,0.5509560082483435,0.0,0.272,0.09066666699999999,0.0,0.9465,0.333458333,2.0,0.13363033743802974,0.42421875,0.2051032991651232,0.18142102402823793,27.853732247185675,35.890144151414006,34.92711651925886,26.508510126521383,31.438948681500392,27.741892750449463,37.302340814286204,0.0,0.0,0.0,0.0,0.0,0.0,70.0,57.0,0.0,0.20640394336397605,0.0,0.0,0.0,0.0,0.0,0.0,0.0,0.0,0.0,0.0,0.0,904.9545513924352,0.0,1028.5906851591715,905.0711952971914,1028.5946817561285,0.0,0.0,999.0,999.0,1.262742859,5.656740847260462,3.0,0.0,2.0,2.0,2.0,2.0,0.0,1.0,1.0,1.0,1.0,0.0,1.0,1.0,1.0,0.0,0.0,0.0,0.0,0.0,0.0,0.0,0.0,0.0,0.0,0.0,0.0,0.0,0.0,0.0,0.0,999.0,999.0,4299.0,999.0,0.0,0.0,0.0,0.0,0.0,3.0,0.0,2.0,2.0,2.0,3.0,0.0,2.0,2.0,2.0
44,649.0,1.0,3.0,1.0,3.0,197.09737943279688,1.0,3.0,1.0,1.0,0.0,0.0,0.0,0.0,0.0,0.0,0.0,0.0,0.0,0.0,0.0,0.0,0.0,0.0,0.0,0.0,0.0,0.0,0.0,0.0,0.0,0.0,0.0,0.0,1.0,3.0,1.0,1.0,23653.0,4100.0,0.24765855372767778,0.17165551407520763,0.19879655649431777,0.1663056695127031,6.0,0.0,0.0,4.0,131.0,600.0,0.21833333300000002,0.21833333300000002,0.21833333300000002,0.21833333300000002,0.21833333300000002,0.21833333300000002,0.1023490985505458,0.4206634500243669,0.23163823215630863,0.4322747957836424,0.4680081637888449,0.4501136351480988,0.8175436564250039,0.8227748335411396,0.8201750517310048,0.21833333300000002,0.21833333300000002,0.21833333300000002,0.21949510738274342,0.30231388228850287,0.2593781066187575,0.5095931945022548,0.5921303489034627,0.5509560082483435,0.13739531673360156,0.36023245774213625,0.23309239028537904,0.21833333300000002,0.21833333300000002,0.21833333300000002,0.0,0.13363033743802974,0.21833333300000002,0.2051032991651232,0.18142102402823793,27.853732247185675,35.890144151414006,34.92711651925886,26.508510126521383,31.438948681500392,27.741892750449463,37.302340814286204,0.0,0.0,0.0,0.0,0.0,0.0,2867.41991244302,46.891135854304515,0.0,0.20640394336397605,1.0,0.0,0.0,1.0,1.0,0.0,0.0,0.0,0.0,0.0,129.0,129.0,0.0,1028.5906851591715,129.0,1028.5946817561285,129.0,0.0,40.265569,999.0,5.012278382,5.656740847260462,5.0,0.0,0.0,1.0,1.0,2.0,0.0,0.0,0.0,0.0,0.0,0.0,0.0,0.0,0.0,1.0,0.0,0.0,0.0,1.0,0.0,0.0,0.0,8824.0,0.0,0.0,0.0,8824.0,0.0,0.0,0.0,85.44103462,85.44103462,2454.0,999.0,1.0,0.0,0.0,0.0,0.0,2.0,0.0,0.0,0.0,0.0,3.0,0.0,0.0,0.0,0.0
45,643.0,1.0,6.0,1.0,4.0,197.09737943279688,1.0,2.0,0.0,0.0,0.0,0.0,0.0,0.0,0.0,0.0,0.0,0.0,1.0,3.0,1.0,1.0,0.0,0.0,0.0,0.0,0.0,0.0,0.0,0.0,0.0,0.0,0.0,0.0,1.0,1.0,0.0,0.0,191585.0,26241.0,0.24765855372767778,0.17165551407520763,0.19879655649431777,0.1663056695127031,12.0,0.0,0.0,5.0,3588.0,19500.0,0.001,0.408809524,0.18668315,0.001,0.408809524,0.18668315,0.1023490985505458,0.4206634500243669,0.23163823215630863,0.4322747957836424,0.4680081637888449,0.4501136351480988,0.8175436564250039,0.8227748335411396,0.8201750517310048,0.001,0.408809524,0.18668315,0.21949510738274342,0.30231388228850287,0.2593781066187575,0.5095931945022548,0.5921303489034627,0.5509560082483435,0.13739531673360156,0.36023245774213625,0.23309239028537904,0.001,0.408809524,0.18668315,0.0,0.13363033743802974,0.184,0.2051032991651232,0.18142102402823793,22.0,35.890144151414006,34.92711651925886,25.0,22.0,25.0,37.302340814286204,0.0,0.0,0.0,3.0,1.0,188956.0,7911.0,29.0,5.0,1.0,1.0,0.0,0.0,1.0,1.0,0.0,0.0,0.0,0.0,0.0,236.0,236.0,0.0,1028.5906851591715,236.0,1028.5946817561285,236.0,0.0,49.59308884,999.0,999.0,5.656740847260462,0.0,0.0,0.0,0.0,0.0,0.0,0.0,0.0,0.0,0.0,0.0,0.0,0.0,0.0,0.0,1.0,1.0,1.0,1.0,0.0,0.0,0.0,0.0,9396.0,9396.0,9396.0,9396.0,0.0,0.0,0.0,0.0,2.807733905,999.0,5033.0,999.0,0.0,0.0,0.0,0.0,0.0,0.0,0.0,0.0,0.0,0.0,0.0,0.0,0.0,0.0,0.0
46,656.0,1.0,6.0,1.0,4.0,197.09737943279688,1.0,14.0,1.0,3.0,1.0,1.0,0.0,0.0,1.0,1.0,0.0,0.0,1.0,2.0,1.0,1.0,1.0,10.0,1.0,2.0,1.0,1.0,0.0,0.0,0.0,0.0,0.0,0.0,1.0,2.0,1.0,1.0,124447.0,174950.0,0.3458,0.1689,0.319,0.1689,30.0,1.0,4.0,12.0,1139.0,2000.0,0.203,0.9359999999999999,0.5695,0.9359999999999999,0.9359999999999999,0.9359999999999999,0.203,0.203,0.203,0.4322747957836424,0.4680081637888449,0.4501136351480988,0.8175436564250039,0.8227748335411396,0.8201750517310048,0.9359999999999999,0.9359999999999999,0.9359999999999999,0.203,0.203,0.203,0.5095931945022548,0.5921303489034627,0.5509560082483435,0.13739531673360156,0.36023245774213625,0.23309239028537904,0.203,0.9359999999999999,0.5695,1.0,0.13363033743802974,0.5695,0.2825,0.24395,27.853732247185675,35.890144151414006,34.92711651925886,26.508510126521383,31.438948681500392,27.741892750449463,37.302340814286204,0.0,0.0,0.0,0.0,0.0,0.0,2867.41991244302,46.891135854304515,0.0,0.20640394336397605,3.0,0.0,0.0,3.0,2.0,3.0,0.0,0.0,3.0,2.0,8671.0,7758.0,8671.0,7758.0,7758.0,7758.0,8933.0,8933.0,37.08731985,37.08731985,0.946947355,28.82211829,10.0,1.0,1.0,2.0,3.0,0.0,0.0,0.0,0.0,0.0,6.0,0.0,0.0,1.0,1.0,0.0,0.0,0.0,0.0,0.0,0.0,0.0,0.0,0.0,0.0,0.0,0.0,0.0,0.0,0.0,0.0,999.0,999.0,11506.0,999.0,1.0,0.0,0.0,0.0,0.0,6.0,0.0,0.0,1.0,1.0,7.0,0.0,0.0,1.0,1.0
47,708.0,1.0,2.0,1.0,2.0,197.09737943279688,1.0,4.0,1.0,1.0,0.0,0.0,0.0,0.0,0.0,0.0,0.0,0.0,1.0,2.0,1.0,1.0,0.0,0.0,0.0,0.0,0.0,0.0,0.0,0.0,1.0,1.0,0.0,0.0,1.0,3.0,1.0,1.0,159548.0,20500.0,0.24765855372767778,0.17165551407520763,0.19879655649431777,0.1663056695127031,10.0,1.0,2.0,6.0,9087.0,20500.0,0.061666667,0.7470731709999999,0.39424163700000003,0.17913580199999998,0.5890909089999999,0.384113356,0.061666667,0.7470731709999999,0.40436991899999997,0.4322747957836424,0.4680081637888449,0.4501136351480988,0.8175436564250039,0.8227748335411396,0.8201750517310048,0.17913580199999998,0.7470731709999999,0.505099961,0.21949510738274342,0.30231388228850287,0.2593781066187575,0.5095931945022548,0.5921303489034627,0.5509560082483435,0.061666667,0.061666667,0.061666667,0.061666667,0.7470731709999999,0.39424163700000003,0.0,0.0647,0.443268293,0.2051032991651232,0.18142102402823793,27.853732247185675,35.890144151414006,34.92711651925886,26.508510126521383,31.438948681500392,27.741892750449463,37.302340814286204,0.0,0.0,0.0,0.0,0.0,0.0,2867.41991244302,46.891135854304515,0.0,0.20640394336397605,0.0,0.0,0.0,0.0,0.0,0.0,0.0,0.0,0.0,0.0,0.0,904.9545513924352,0.0,1028.5906851591715,905.0711952971914,1028.5946817561285,0.0,0.0,999.0,999.0,1.166320725,5.656740847260462,6.0,0.0,4.0,6.0,6.0,1.0,0.0,1.0,1.0,1.0,2.0,0.0,2.0,2.0,2.0,0.0,0.0,0.0,0.0,0.0,0.0,0.0,0.0,0.0,0.0,0.0,0.0,0.0,0.0,0.0,0.0,999.0,999.0,3922.0,999.0,0.0,0.0,0.0,0.0,0.0,3.0,0.0,3.0,3.0,3.0,3.0,0.0,3.0,3.0,3.0
48,696.0,1.0,10.0,1.0,6.0,197.09737943279688,1.0,3.0,1.0,1.0,0.0,0.0,0.0,0.0,0.0,0.0,0.0,0.0,0.0,0.0,0.0,0.0,1.0,1.0,1.0,1.0,0.0,0.0,0.0,0.0,1.0,2.0,0.0,0.0,0.0,0.0,0.0,0.0,23729.0,54000.0,0.2231,0.2231,0.2231,0.2231,14.0,1.0,1.0,8.0,0.0,14500.0,0.0,0.0,0.0,0.0,0.0,0.0,0.1023490985505458,0.4206634500243669,0.23163823215630863,0.4322747957836424,0.4680081637888449,0.4501136351480988,0.8175436564250039,0.8227748335411396,0.8201750517310048,0.0,0.0,0.0,0.21949510738274342,0.30231388228850287,0.2593781066187575,0.5095931945022548,0.5921303489034627,0.5509560082483435,0.13739531673360156,0.36023245774213625,0.23309239028537904,0.0,0.0,0.0,0.0,0.2231,0.0,0.2231,0.2231,3.0,35.890144151414006,34.92711651925886,3.0,31.438948681500392,52.0,37.302340814286204,1.0,0.0,1.0,0.0,0.0,0.0,2867.41991244302,46.891135854304515,3.0,1.0,1.0,0.0,0.0,1.0,1.0,0.0,0.0,0.0,0.0,0.0,941.0,941.0,0.0,1028.5906851591715,941.0,1028.5946817561285,626.0,0.0,46.47270762,999.0,7.933928592000001,5.656740847260462,7.0,0.0,0.0,0.0,6.0,0.0,0.0,0.0,0.0,0.0,4.0,0.0,0.0,0.0,4.0,4.0,1.0,1.0,4.0,4.0,1.0,1.0,4.0,0.0,0.0,0.0,0.0,0.0,0.0,0.0,0.0,5.305537866,5.305537866,4254.0,999.0,0.0,0.0,0.0,0.0,0.0,4.0,0.0,0.0,0.0,4.0,4.0,0.0,0.0,0.0,4.0
49,692.0,1.0,7.0,1.0,4.0,197.09737943279688,1.0,11.0,1.0,4.0,0.0,0.0,0.0,0.0,0.0,0.0,0.0,0.0,1.0,3.0,1.0,2.0,1.0,4.0,1.0,3.0,0.0,0.0,0.0,0.0,0.0,0.0,0.0,0.0,1.0,6.0,1.0,1.0,268298.0,79001.0,0.1578,0.1038,0.1578,0.1038,24.0,1.0,1.0,11.0,10660.0,11300.0,0.943362832,0.943362832,0.943362832,0.943362832,0.943362832,0.943362832,0.1023490985505458,0.4206634500243669,0.23163823215630863,0.4322747957836424,0.4680081637888449,0.4501136351480988,0.8175436564250039,0.8227748335411396,0.8201750517310048,0.943362832,0.943362832,0.943362832,0.21949510738274342,0.30231388228850287,0.2593781066187575,0.5095931945022548,0.5921303489034627,0.5509560082483435,0.13739531673360156,0.36023245774213625,0.23309239028537904,0.943362832,0.943362832,0.943362832,1.0,0.1126,0.943362832,0.127075,0.124733333,50.0,35.890144151414006,34.92711651925886,50.0,31.438948681500392,50.0,37.302340814286204,0.0,0.0,0.0,0.0,0.0,0.0,2867.41991244302,46.891135854304515,1.0,1.0,0.0,0.0,0.0,0.0,0.0,0.0,0.0,0.0,0.0,0.0,0.0,904.9545513924352,0.0,1028.5906851591715,905.0711952971914,1028.5946817561285,0.0,0.0,999.0,999.0,0.70176073,21.35940362,7.0,5.0,6.0,6.0,6.0,2.0,2.0,2.0,2.0,2.0,3.0,2.0,2.0,2.0,2.0,0.0,0.0,0.0,0.0,0.0,0.0,0.0,0.0,0.0,0.0,0.0,0.0,0.0,0.0,0.0,0.0,999.0,999.0,5497.0,999.0,0.0,0.0,0.0,0.0,0.0,5.0,4.0,4.0,4.0,4.0,5.0,4.0,4.0,4.0,4.0
